Distance_(inches),Gray_Value
0.00000,60663.531
0.00333,60668.988
0.00667,60667.953
0.01000,60673.609
0.01333,60674.027
0.01667,60662.422
0.02000,60673.703
0.02333,60670.668
0.02667,60673.434
0.03000,60671.852
0.03333,60673.441
0.03667,60673.441
0.04000,60672.793
0.04333,60674.051
0.04667,60674.227
0.05000,60668.855
0.05333,60671.508
0.05667,60655.430
0.06000,60648.527
0.06333,60673.676
0.06667,60673.086
0.07000,60673.664
0.07333,60673.754
0.07667,60673.766
0.08000,60675.125
0.08333,60672.832
0.08667,60671.539
0.09000,60673.605
0.09333,60666.145
0.09667,60673.453
0.10000,60672.973
0.10333,60673.695
0.10667,60673.324
0.11000,60673.551
0.11333,60673.895
0.11667,60673.812
0.12000,60667.402
0.12333,60666.875
0.12667,60671.039
0.13000,60670.910
0.13333,60668.203
0.13667,60667.855
0.14000,60673.805
0.14333,60672.910
0.14667,60670.684
0.15000,60668.461
0.15333,60673.875
0.15667,60672.531
0.16000,60672.316
0.16333,60669.156
0.16667,60666.297
0.17000,60673.754
0.17333,60673.531
0.17667,60673.305
0.18000,60673.559
0.18333,60671.266
0.18667,60673.742
0.19000,60671.883
0.19333,60673.145
0.19667,60671.129
0.20000,60672.723
0.20333,60669.246
0.20667,60673.707
0.21000,60673.852
0.21333,60673.383
0.21667,60672.934
0.22000,60673.941
0.22333,60673.797
0.22667,60670.164
0.23000,60667.734
0.23333,60672.684
0.23667,60672.578
0.24000,60673.688
0.24333,60674.156
0.24667,60673.742
0.25000,60672.137
0.25333,60671.363
0.25667,60661.402
0.26000,60674.137
0.26333,60669.012
0.26667,60640.285
0.27000,60669.184
0.27333,60661.422
0.27667,60639.430
0.28000,60653.852
0.28333,60672.590
0.28667,60672.914
0.29000,60671.195
0.29333,60666.156
0.29667,60674.453
0.30000,60673.371
0.30333,60671.793
0.30667,60672.625
0.31000,60673.746
0.31333,60672.754
0.31667,60672.758
0.32000,60673.742
0.32333,60672.551
0.32667,60668.695
0.33000,60673.676
0.33333,60673.863
0.33667,60672.570
0.34000,60672.824
0.34333,60673.797
0.34667,60672.609
0.35000,60673.656
0.35333,60673.910
0.35667,60670.824
0.36000,60671.137
0.36333,60672.312
0.36667,60673.746
0.37000,60673.551
0.37333,60672.422
0.37667,60671.852
0.38000,60668.531
0.38333,60668.430
0.38667,60673.527
0.39000,60671.547
0.39333,60671.953
0.39667,60665.625
0.40000,60672.285
0.40333,60673.578
0.40667,60673.586
0.41000,60673.910
0.41333,60674.332
0.41667,60673.453
0.42000,60673.008
0.42333,60660.117
0.42667,60672.434
0.43000,60671.039
0.43333,60673.570
0.43667,60673.488
0.44000,60675.242
0.44333,60673.031
0.44667,60672.766
0.45000,60671.336
0.45333,60669.547
0.45667,60673.527
0.46000,60673.812
0.46333,60670.973
0.46667,60635.742
0.47000,60666.777
0.47333,60673.512
0.47667,60672.383
0.48000,60673.734
0.48333,60673.258
0.48667,60673.168
0.49000,60673.637
0.49333,60665.852
0.49667,60668.234
0.50000,60670.684
0.50333,60671.816
0.50667,60663.293
0.51000,60661.414
0.51333,60672.449
0.51667,60672.934
0.52000,60673.570
0.52333,60670.961
0.52667,60672.215
0.53000,60674.012
0.53333,60662.824
0.53667,60670.793
0.54000,60673.156
0.54333,60657.461
0.54667,60659.242
0.55000,60666.961
0.55333,60654.754
0.55667,60658.766
0.56000,60666.723
0.56333,60669.156
0.56667,60667.598
0.57000,60666.188
0.57333,60673.488
0.57667,60672.812
0.58000,60673.461
0.58333,60636.754
0.58667,60656.992
0.59000,60670.891
0.59333,60671.508
0.59667,60670.520
0.60000,60669.629
0.60333,60669.285
0.60667,60673.746
0.61000,60670.703
0.61333,60673.492
0.61667,60675.914
0.62000,60673.430
0.62333,60660.375
0.62667,60652.332
0.63000,60648.598
0.63333,60645.973
0.63667,60651.609
0.64000,60652.480
0.64333,60654.184
0.64667,60649.793
0.65000,60648.707
0.65333,60604.031
0.65667,60583.258
0.66000,60596.078
0.66333,60650.109
0.66667,60671.098
0.67000,60652.383
0.67333,60668.176
0.67667,60625.758
0.68000,60662.332
0.68333,60669.980
0.68667,60670.473
0.69000,60670.434
0.69333,60667.258
0.69667,60669.910
0.70000,60672.785
0.70333,60672.723
0.70667,60659.586
0.71000,60667.492
0.71333,60666.227
0.71667,60663.117
0.72000,60666.031
0.72333,60662.836
0.72667,60659.949
0.73000,60648.875
0.73333,60524.734
0.73667,59456.684
0.74000,52327.402
0.74333,39264.508
0.74667,32646.520
0.75000,36638.254
0.75333,41443.914
0.75667,40185.453
0.76000,38423.816
0.76333,39853.617
0.76667,42433.324
0.77000,45284.973
0.77333,47117.285
0.77667,47852.070
0.78000,48043.078
0.78333,47827.066
0.78667,47873.047
0.79000,47960.734
0.79333,47842.145
0.79667,47883.875
0.80000,47635.559
0.80333,47040.754
0.80667,46809.910
0.81000,46531.684
0.81333,46122.855
0.81667,45468.727
0.82000,44668.039
0.82333,44525.863
0.82667,44463.598
0.83000,44383.676
0.83333,44101.551
0.83667,43613.480
0.84000,42895.949
0.84333,43096.648
0.84667,42639.266
0.85000,42896.695
0.85333,43466.383
0.85667,44412.992
0.86000,45266.734
0.86333,45680.707
0.86667,45562.949
0.87000,44988.703
0.87333,44237.664
0.87667,43934.473
0.88000,43818.164
0.88333,44276.078
0.88667,44897.434
0.89000,45404.020
0.89333,45904.590
0.89667,46176.402
0.90000,46307.254
0.90333,46314.758
0.90667,46330.824
0.91000,46431.156
0.91333,46497.129
0.91667,46446.344
0.92000,46347.027
0.92333,45987.645
0.92667,45631.449
0.93000,45211.195
0.93333,44771.508
0.93667,44263.875
0.94000,43819.914
0.94333,43180.480
0.94667,42340.227
0.95000,41623.422
0.95333,41615.551
0.95667,42192.215
0.96000,43382.395
0.96333,43883.195
0.96667,44260.312
0.97000,44789.914
0.97333,45512.242
0.97667,46034.766
0.98000,46348.922
0.98333,46722.758
0.98667,47222.605
0.99000,47871.488
0.99333,47908.773
0.99667,47846.047
1.00000,47879.066
1.00333,47798.059
1.00667,47864.020
1.01000,47900.383
1.01333,48139.242
1.01667,47950.863
1.02000,48068.156
1.02333,47913.793
1.02667,48041.242
1.03000,48077.430
1.03333,47852.668
1.03667,47930.145
1.04000,47875.047
1.04333,47911.258
1.04667,47990.098
1.05000,48003.754
1.05333,48032.410
1.05667,48015.758
1.06000,48052.648
1.06333,48012.973
1.06667,48048.473
1.07000,47990.590
1.07333,47945.109
1.07667,47985.805
1.08000,47926.422
1.08333,47844.648
1.08667,47866.145
1.09000,47945.430
1.09333,47864.008
1.09667,47868.527
1.10000,47957.758
1.10333,47826.629
1.10667,47783.637
1.11000,47911.941
1.11333,47953.973
1.11667,47982.078
1.12000,47912.391
1.12333,47833.258
1.12667,47896.531
1.13000,47956.922
1.13333,47959.758
1.13667,47911.668
1.14000,47994.266
1.14333,47822.012
1.14667,47942.648
1.15000,48034.203
1.15333,47875.156
1.15667,47902.000
1.16000,47805.047
1.16333,47867.852
1.16667,47969.453
1.17000,47993.090
1.17333,47850.109
1.17667,47839.098
1.18000,47915.352
1.18333,47983.754
1.18667,48063.645
1.19000,47856.273
1.19333,47889.754
1.19667,47823.844
1.20000,47859.148
1.20333,47974.434
1.20667,47916.422
1.21000,47779.453
1.21333,47847.363
1.21667,47925.371
1.22000,47864.434
1.22333,47842.855
1.22667,47797.910
1.23000,47872.258
1.23333,47970.145
1.23667,47876.566
1.24000,47976.766
1.24333,47962.352
1.24667,47995.973
1.25000,47903.047
1.25333,47917.734
1.25667,47841.285
1.26000,47901.758
1.26333,47899.746
1.26667,47902.812
1.27000,47992.758
1.27333,47913.480
1.27667,47877.355
1.28000,47852.637
1.28333,48018.129
1.28667,47887.668
1.29000,48031.609
1.29333,47796.625
1.29667,47741.188
1.30000,47752.539
1.30333,47860.953
1.30667,47745.547
1.31000,47787.715
1.31333,47695.375
1.31667,47655.355
1.32000,47796.980
1.32333,47776.664
1.32667,47791.520
1.33000,47776.434
1.33333,47864.930
1.33667,47798.559
1.34000,48038.883
1.34333,47888.070
1.34667,47701.098
1.35000,47874.371
1.35333,47870.234
1.35667,47865.723
1.36000,47785.410
1.36333,47833.863
1.36667,47829.207
1.37000,47762.988
1.37333,47783.363
1.37667,47771.883
1.38000,47781.531
1.38333,47900.793
1.38667,47921.656
1.39000,47900.070
1.39333,47861.371
1.39667,47811.570
1.40000,47850.973
1.40333,47859.352
1.40667,47876.625
1.41000,47792.258
1.41333,47823.047
1.41667,47825.902
1.42000,47862.500
1.42333,47846.070
1.42667,47875.539
1.43000,47770.629
1.43333,47692.539
1.43667,47773.047
1.44000,47828.707
1.44333,47794.992
1.44667,47705.910
1.45000,47703.145
1.45333,47761.754
1.45667,47798.227
1.46000,47558.242
1.46333,47871.742
1.46667,47777.195
1.47000,47696.785
1.47333,47850.590
1.47667,47835.355
1.48000,47681.305
1.48333,47858.578
1.48667,47616.816
1.49000,47680.590
1.49333,47622.668
1.49667,47663.617
1.50000,47490.480
1.50333,47735.629
1.50667,47787.473
1.51000,47632.645
1.51333,47759.176
1.51667,47648.207
1.52000,47712.566
1.52333,47624.449
1.52667,47709.195
1.53000,47792.410
1.53333,47751.891
1.53667,47707.527
1.54000,47671.664
1.54333,47657.297
1.54667,47699.090
1.55000,47631.910
1.55333,47587.355
1.55667,47618.246
1.56000,47859.109
1.56333,47680.754
1.56667,47714.961
1.57000,47641.109
1.57333,47657.109
1.57667,47675.578
1.58000,47479.254
1.58333,47614.363
1.58667,47667.027
1.59000,47583.363
1.59333,47686.539
1.59667,47617.234
1.60000,47696.891
1.60333,47746.184
1.60667,47720.949
1.61000,47713.051
1.61333,47623.316
1.61667,47654.461
1.62000,47646.410
1.62333,47690.836
1.62667,47562.605
1.63000,47562.617
1.63333,47646.285
1.63667,47581.902
1.64000,47593.355
1.64333,47646.891
1.64667,47652.598
1.65000,47648.176
1.65333,47578.715
1.65667,47620.684
1.66000,47565.793
1.66333,47687.215
1.66667,47528.539
1.67000,47534.156
1.67333,47622.805
1.67667,47484.727
1.68000,47620.395
1.68333,47673.723
1.68667,47533.508
1.69000,47605.480
1.69333,47638.637
1.69667,47399.539
1.70000,47638.777
1.70333,47535.715
1.70667,47422.688
1.71000,47497.164
1.71333,47483.586
1.71667,47461.539
1.72000,47348.336
1.72333,47311.863
1.72667,47419.895
1.73000,47411.871
1.73333,47277.723
1.73667,47354.070
1.74000,47338.785
1.74333,47340.688
1.74667,47405.578
1.75000,47277.871
1.75333,47386.527
1.75667,47292.129
1.76000,47360.891
1.76333,47287.805
1.76667,47318.922
1.77000,47260.352
1.77333,47315.902
1.77667,47090.980
1.78000,47174.758
1.78333,47192.852
1.78667,47117.617
1.79000,47333.734
1.79333,47274.098
1.79667,47328.258
1.80000,47063.312
1.80333,47110.875
1.80667,47106.469
1.81000,47149.012
1.81333,47156.355
1.81667,46988.645
1.82000,47152.598
1.82333,47115.168
1.82667,47162.500
1.83000,47083.492
1.83333,47063.363
1.83667,47087.805
1.84000,47056.105
1.84333,46975.188
1.84667,47009.688
1.85000,47022.480
1.85333,47046.941
1.85667,46863.695
1.86000,46959.855
1.86333,46854.234
1.86667,46847.914
1.87000,46971.293
1.87333,46881.324
1.87667,46672.410
1.88000,46749.797
1.88333,46595.012
1.88667,46805.824
1.89000,46755.855
1.89333,46736.266
1.89667,46700.430
1.90000,46526.234
1.90333,46387.203
1.90667,46369.773
1.91000,46696.430
1.91333,46447.305
1.91667,46586.836
1.92000,46476.895
1.92333,46382.816
1.92667,46399.422
1.93000,46283.852
1.93333,46067.777
1.93667,45843.207
1.94000,46053.129
1.94333,45963.297
1.94667,46042.812
1.95000,46058.168
1.95333,45812.805
1.95667,45848.020
1.96000,45885.930
1.96333,45905.375
1.96667,45629.863
1.97000,45775.773
1.97333,45729.070
1.97667,45688.336
1.98000,45698.656
1.98333,45556.871
1.98667,45505.941
1.99000,45539.164
1.99333,45426.559
1.99667,45305.590
2.00000,45369.531
2.00333,45169.363
2.00667,45212.188
2.01000,45224.117
2.01333,45099.164
2.01667,45056.723
2.02000,44990.352
2.02333,45135.961
2.02667,44962.551
2.03000,44803.352
2.03333,44782.629
2.03667,44807.832
2.04000,44834.051
2.04333,44622.336
2.04667,44628.066
2.05000,44664.203
2.05333,44600.352
2.05667,44289.336
2.06000,44427.312
2.06333,44306.277
2.06667,44344.129
2.07000,44068.836
2.07333,44147.492
2.07667,44093.105
2.08000,43798.812
2.08333,43979.223
2.08667,43855.617
2.09000,43648.586
2.09333,43692.242
2.09667,43472.402
2.10000,43467.707
2.10333,43260.816
2.10667,43205.184
2.11000,43042.234
2.11333,43082.723
2.11667,43013.324
2.12000,42837.184
2.12333,42743.352
2.12667,42791.617
2.13000,42806.148
2.13333,42573.773
2.13667,42482.105
2.14000,42291.109
2.14333,42178.430
2.14667,42141.777
2.15000,41908.395
2.15333,42057.855
2.15667,41810.027
2.16000,41847.012
2.16333,41732.402
2.16667,41603.215
2.17000,41456.383
2.17333,41515.363
2.17667,41324.895
2.18000,41224.207
2.18333,41151.125
2.18667,41066.012
2.19000,40846.449
2.19333,40836.871
2.19667,40709.773
2.20000,40665.453
2.20333,40684.277
2.20667,40501.449
2.21000,40304.332
2.21333,40295.695
2.21667,40262.637
2.22000,40246.969
2.22333,40008.395
2.22667,39931.461
2.23000,39594.109
2.23333,39863.508
2.23667,39529.145
2.24000,39578.824
2.24333,39359.488
2.24667,39266.883
2.25000,39315.312
2.25333,39198.254
2.25667,39102.777
2.26000,38978.844
2.26333,38942.816
2.26667,38671.395
2.27000,38662.816
2.27333,38606.246
2.27667,38431.715
2.28000,38566.129
2.28333,38238.910
2.28667,38098.105
2.29000,38139.148
2.29333,37971.855
2.29667,37855.707
2.30000,37720.234
2.30333,37691.352
2.30667,37583.656
2.31000,37634.422
2.31333,37437.395
2.31667,37462.973
2.32000,37494.164
2.32333,37320.637
2.32667,37301.836
2.33000,37255.797
2.33333,37135.246
2.33667,37133.188
2.34000,37034.992
2.34333,37037.715
2.34667,36938.227
2.35000,36771.805
2.35333,36816.590
2.35667,36730.207
2.36000,36772.637
2.36333,36549.855
2.36667,36525.105
2.37000,36350.449
2.37333,36296.855
2.37667,36222.988
2.38000,36318.527
2.38333,36196.598
2.38667,36206.344
2.39000,36119.512
2.39333,36070.184
2.39667,36049.086
2.40000,36155.586
2.40333,35762.980
2.40667,35909.492
2.41000,35904.648
2.41333,35893.992
2.41667,35770.734
2.42000,35742.676
2.42333,35727.117
2.42667,35685.277
2.43000,35600.871
2.43333,35655.469
2.43667,35655.598
2.44000,35437.305
2.44333,35430.285
2.44667,35299.637
2.45000,35320.664
2.45333,35447.934
2.45667,35213.145
2.46000,35294.539
2.46333,35179.793
2.46667,35284.383
2.47000,35265.902
2.47333,35201.816
2.47667,35190.215
2.48000,35153.285
2.48333,35172.012
2.48667,35154.895
2.49000,35148.969
2.49333,35062.125
2.49667,35011.078
2.50000,34944.391
2.50333,34946.758
2.50667,35010.668
2.51000,35016.871
2.51333,34998.352
2.51667,35009.176
2.52000,34797.777
2.52333,34882.125
2.52667,34911.188
2.53000,34904.551
2.53333,34928.215
2.53667,34829.609
2.54000,34905.188
2.54333,34838.508
2.54667,34807.129
2.55000,34856.883
2.55333,34895.941
2.55667,34795.520
2.56000,34943.145
2.56333,34884.793
2.56667,34854.980
2.57000,34846.098
2.57333,34791.559
2.57667,34863.547
2.58000,34809.430
2.58333,34667.777
2.58667,34742.656
2.59000,34725.668
2.59333,34851.336
2.59667,34748.000
2.60000,34765.277
2.60333,34702.871
2.60667,34739.488
2.61000,34709.629
2.61333,34763.520
2.61667,34638.566
2.62000,34701.527
2.62333,34673.410
2.62667,34706.527
2.63000,34692.715
2.63333,34582.836
2.63667,34695.090
2.64000,34733.273
2.64333,34699.410
2.64667,34635.145
2.65000,34763.449
2.65333,34769.012
2.65667,34706.410
2.66000,34535.773
2.66333,34686.109
2.66667,34654.410
2.67000,34601.930
2.67333,34561.422
2.67667,34585.707
2.68000,34695.824
2.68333,34483.609
2.68667,34485.293
2.69000,34406.039
2.69333,34522.863
2.69667,34517.812
2.70000,34506.070
2.70333,34463.785
2.70667,34389.316
2.71000,34397.324
2.71333,34478.117
2.71667,34377.645
2.72000,34536.473
2.72333,34304.453
2.72667,34321.551
2.73000,34352.188
2.73333,34444.234
2.73667,34461.078
2.74000,34526.066
2.74333,34388.473
2.74667,34530.527
2.75000,34488.617
2.75333,34499.695
2.75667,34462.285
2.76000,34286.297
2.76333,34441.668
2.76667,34445.500
2.77000,34359.590
2.77333,34363.805
2.77667,34403.047
2.78000,34293.754
2.78333,34410.527
2.78667,34511.668
2.79000,34326.090
2.79333,34416.863
2.79667,34381.980
2.80000,34415.570
2.80333,34500.883
2.80667,34479.492
2.81000,34444.871
2.81333,34470.375
2.81667,34438.758
2.82000,34300.547
2.82333,34457.832
2.82667,34415.434
2.83000,34437.297
2.83333,34477.668
2.83667,34405.715
2.84000,34402.500
2.84333,34468.871
2.84667,34467.164
2.85000,34341.746
2.85333,34488.227
2.85667,34612.316
2.86000,34402.363
2.86333,34420.488
2.86667,34410.203
2.87000,34326.410
2.87333,34418.664
2.87667,34245.203
2.88000,34080.098
2.88333,34274.297
2.88667,34193.355
2.89000,34119.258
2.89333,34212.785
2.89667,34317.188
2.90000,34151.168
2.90333,34245.547
2.90667,34363.578
2.91000,34202.395
2.91333,34342.078
2.91667,34223.656
2.92000,34404.059
2.92333,34241.605
2.92667,34286.422
2.93000,34176.547
2.93333,34227.871
2.93667,34170.098
2.94000,34294.008
2.94333,34361.098
2.94667,34242.773
2.95000,34351.609
2.95333,34260.871
2.95667,34223.578
2.96000,34267.109
2.96333,34270.625
2.96667,34327.117
2.97000,34222.895
2.97333,34426.305
2.97667,34276.371
2.98000,34244.723
2.98333,34352.449
2.98667,34300.383
2.99000,34544.344
2.99333,34331.148
2.99667,34341.910
3.00000,34397.883
3.00333,34502.371
3.00667,34340.391
3.01000,34441.645
3.01333,34420.586
3.01667,34464.844
3.02000,34462.902
3.02333,34317.520
3.02667,34342.754
3.03000,34352.625
3.03333,34375.695
3.03667,34367.566
3.04000,34284.797
3.04333,34312.266
3.04667,34338.410
3.05000,34276.688
3.05333,34245.559
3.05667,34152.375
3.06000,34243.414
3.06333,34224.895
3.06667,34188.449
3.07000,34238.707
3.07333,34394.527
3.07667,34320.316
3.08000,34302.684
3.08333,34210.266
3.08667,34268.059
3.09000,34225.742
3.09333,34077.676
3.09667,34128.695
3.10000,34360.402
3.10333,34201.578
3.10667,34234.883
3.11000,34165.422
3.11333,34187.668
3.11667,34173.703
3.12000,34310.020
3.12333,34312.688
3.12667,34220.402
3.13000,34374.059
3.13333,34284.664
3.13667,34258.566
3.14000,34104.195
3.14333,34324.305
3.14667,34258.000
3.15000,34225.254
3.15333,34198.027
3.15667,34353.883
3.16000,34197.773
3.16333,34202.148
3.16667,34171.059
3.17000,34252.855
3.17333,34344.871
3.17667,34167.844
3.18000,34146.598
3.18333,34254.242
3.18667,34241.961
3.19000,34195.941
3.19333,34243.824
3.19667,34195.742
3.20000,34386.539
3.20333,34249.336
3.20667,34326.969
3.21000,34316.285
3.21333,34324.293
3.21667,34306.727
3.22000,34247.559
3.22333,34173.773
3.22667,34077.266
3.23000,34120.000
3.23333,34189.453
3.23667,34183.570
3.24000,34156.512
3.24333,34111.500
3.24667,34171.203
3.25000,34284.609
3.25333,34136.844
3.25667,34175.875
3.26000,34164.855
3.26333,34159.766
3.26667,34128.473
3.27000,34178.184
3.27333,34016.891
3.27667,34200.742
3.28000,34118.934
3.28333,34260.168
3.28667,34098.336
3.29000,34150.500
3.29333,34139.215
3.29667,34204.922
3.30000,33989.078
3.30333,34144.297
3.30667,34011.176
3.31000,34136.047
3.31333,34152.895
3.31667,34166.551
3.32000,34069.453
3.32333,34131.656
3.32667,34220.816
3.33000,34146.742
3.33333,34149.727
3.33667,34058.453
3.34000,34136.695
3.34333,34256.664
3.34667,34127.816
3.35000,34140.410
3.35333,34006.008
3.35667,34095.105
3.36000,34037.156
3.36333,34139.559
3.36667,34283.203
3.37000,34290.570
3.37333,34014.578
3.37667,34096.227
3.38000,34070.363
3.38333,34224.688
3.38667,34128.168
3.39000,34043.430
3.39333,34014.500
3.39667,34025.031
3.40000,34115.086
3.40333,34112.695
3.40667,33964.941
3.41000,34186.090
3.41333,34100.676
3.41667,34160.324
3.42000,34060.395
3.42333,34169.527
3.42667,34213.969
3.43000,34141.453
3.43333,34080.039
3.43667,34055.566
3.44000,33905.156
3.44333,34130.707
3.44667,34056.391
3.45000,34153.234
3.45333,34061.746
3.45667,34095.863
3.46000,34109.352
3.46333,33960.020
3.46667,34049.352
3.47000,34102.508
3.47333,34023.434
3.47667,33935.941
3.48000,34019.930
3.48333,34143.246
3.48667,34021.922
3.49000,34083.559
3.49333,34039.961
3.49667,34020.312
3.50000,34076.469
3.50333,34058.109
3.50667,33925.793
3.51000,33992.371
3.51333,34053.598
3.51667,34048.723
3.52000,33983.371
3.52333,33985.090
3.52667,34049.914
3.53000,34144.375
3.53333,34142.184
3.53667,34112.793
3.54000,34098.109
3.54333,34005.816
3.54667,34063.531
3.55000,34123.754
3.55333,34124.453
3.55667,34082.664
3.56000,34002.895
3.56333,34010.531
3.56667,34015.742
3.57000,34029.902
3.57333,34155.184
3.57667,34050.539
3.58000,34180.668
3.58333,34009.969
3.58667,34107.551
3.59000,34048.875
3.59333,34099.293
3.59667,34129.383
3.60000,34150.434
3.60333,34092.793
3.60667,33997.176
3.61000,34149.012
3.61333,33937.805
3.61667,33986.086
3.62000,33935.148
3.62333,33894.773
3.62667,33934.031
3.63000,34000.793
3.63333,33894.695
3.63667,33995.129
3.64000,33818.109
3.64333,33957.500
3.64667,33975.020
3.65000,33854.312
3.65333,33920.605
3.65667,33874.914
3.66000,33989.047
3.66333,33869.836
3.66667,33968.129
3.67000,33814.922
3.67333,33879.629
3.67667,33879.109
3.68000,33994.297
3.68333,33937.176
3.68667,33977.441
3.69000,33895.332
3.69333,33747.758
3.69667,33850.773
3.70000,34020.566
3.70333,33956.027
3.70667,33957.863
3.71000,33969.168
3.71333,33917.855
3.71667,33895.520
3.72000,33923.297
3.72333,34089.176
3.72667,34067.980
3.73000,33946.371
3.73333,33948.531
3.73667,33989.512
3.74000,33901.902
3.74333,33887.566
3.74667,34043.012
3.75000,34051.293
3.75333,34031.059
3.75667,33952.488
3.76000,33897.207
3.76333,33992.105
3.76667,33927.414
3.77000,34133.570
3.77333,34009.766
3.77667,33950.785
3.78000,33970.109
3.78333,34024.832
3.78667,33903.059
3.79000,34181.031
3.79333,34060.336
3.79667,33983.293
3.80000,34054.875
3.80333,34007.668
3.80667,34020.500
3.81000,33958.910
3.81333,33947.188
3.81667,34041.488
3.82000,33985.258
3.82333,34003.461
3.82667,33936.059
3.83000,34043.492
3.83333,33966.039
3.83667,33995.375
3.84000,33917.137
3.84333,33982.363
3.84667,33987.266
3.85000,33918.461
3.85333,33977.273
3.85667,34016.414
3.86000,34164.766
3.86333,33943.707
3.86667,34063.824
3.87000,33916.500
3.87333,33932.727
3.87667,34128.266
3.88000,33969.676
3.88333,33983.664
3.88667,33953.375
3.89000,33752.410
3.89333,33952.703
3.89667,33972.539
3.90000,33883.785
3.90333,33905.492
3.90667,33882.703
3.91000,34041.625
3.91333,33915.758
3.91667,34020.031
3.92000,34143.734
3.92333,33997.895
3.92667,33939.031
3.93000,33902.469
3.93333,33983.031
3.93667,34103.355
3.94000,34044.297
3.94333,33918.980
3.94667,34010.676
3.95000,33984.551
3.95333,33985.934
3.95667,34113.605
3.96000,33985.098
3.96333,33975.883
3.96667,34112.195
3.97000,34201.316
3.97333,34078.488
3.97667,34095.508
3.98000,34030.461
3.98333,34051.000
3.98667,34022.797
3.99000,34195.352
3.99333,34075.566
3.99667,34027.645
4.00000,33988.648
4.00333,34143.777
4.00667,34141.805
4.01000,34184.871
4.01333,33990.754
4.01667,34078.410
4.02000,34008.129
4.02333,34098.777
4.02667,34026.625
4.03000,34010.148
4.03333,33994.090
4.03667,34023.375
4.04000,34008.449
4.04333,34017.566
4.04667,34057.930
4.05000,33912.645
4.05333,33981.586
4.05667,33995.125
4.06000,34060.105
4.06333,34079.805
4.06667,34105.805
4.07000,34042.324
4.07333,33998.312
4.07667,33862.793
4.08000,33943.117
4.08333,33839.883
4.08667,33941.676
4.09000,34014.473
4.09333,34024.785
4.09667,33960.824
4.10000,33975.910
4.10333,34029.645
4.10667,34069.508
4.11000,34118.305
4.11333,33984.332
4.11667,33996.105
4.12000,34071.520
4.12333,33964.168
4.12667,34000.875
4.13000,34038.441
4.13333,34085.668
4.13667,34138.352
4.14000,33999.305
4.14333,34077.195
4.14667,34125.723
4.15000,34138.332
4.15333,34111.453
4.15667,34045.168
4.16000,34043.047
4.16333,34220.812
4.16667,34301.414
4.17000,34285.047
4.17333,34219.707
4.17667,34207.617
4.18000,33865.242
4.18333,34010.156
4.18667,34000.547
4.19000,34035.871
4.19333,33993.344
4.19667,34002.512
4.20000,33942.852
4.20333,33985.480
4.20667,34026.852
4.21000,34027.070
4.21333,33941.480
4.21667,34000.254
4.22000,34135.129
4.22333,34165.488
4.22667,34171.676
4.23000,34316.086
4.23333,34212.086
4.23667,34123.285
4.24000,34222.637
4.24333,34173.855
4.24667,34077.414
4.25000,33970.973
4.25333,33930.391
4.25667,33980.664
4.26000,34126.766
4.26333,33944.746
4.26667,34083.531
4.27000,33935.430
4.27333,33930.156
4.27667,34000.836
4.28000,33912.352
4.28333,33960.559
4.28667,33908.703
4.29000,33931.012
4.29333,33906.000
4.29667,33918.531
4.30000,33962.461
4.30333,34007.988
4.30667,34049.305
4.31000,33898.297
4.31333,33989.352
4.31667,33984.371
4.32000,33997.895
4.32333,34114.336
4.32667,34013.480
4.33000,34079.875
4.33333,34071.875
4.33667,34043.371
4.34000,33901.746
4.34333,34078.258
4.34667,33937.598
4.35000,33943.227
4.35333,33988.215
4.35667,33951.223
4.36000,33902.316
4.36333,34071.234
4.36667,33930.254
4.37000,33977.223
4.37333,34019.148
4.37667,34131.148
4.38000,34004.746
4.38333,33936.793
4.38667,34021.137
4.39000,33804.066
4.39333,33889.785
4.39667,33942.000
4.40000,34103.895
4.40333,33967.754
4.40667,33911.277
4.41000,33930.891
4.41333,33886.805
4.41667,33842.078
4.42000,33844.914
4.42333,33887.684
4.42667,33797.727
4.43000,33734.891
4.43333,33770.242
4.43667,33786.902
4.44000,33854.508
4.44333,33825.742
4.44667,33818.422
4.45000,33735.980
4.45333,33853.656
4.45667,33832.258
4.46000,33673.234
4.46333,33599.086
4.46667,33648.559
4.47000,33782.793
4.47333,33721.766
4.47667,33679.812
4.48000,33841.105
4.48333,33695.332
4.48667,33737.883
4.49000,33664.375
4.49333,33647.648
4.49667,33661.520
4.50000,33561.375
4.50333,33547.723
4.50667,33767.797
4.51000,33561.051
4.51333,33671.590
4.51667,33696.266
4.52000,33579.891
4.52333,33652.012
4.52667,33692.914
4.53000,33550.539
4.53333,33654.746
4.53667,33653.277
4.54000,33464.883
4.54333,33466.441
4.54667,33395.137
4.55000,33362.098
4.55333,33266.656
4.55667,33131.855
4.56000,33382.168
4.56333,33338.277
4.56667,33437.988
4.57000,33524.129
4.57333,33505.707
4.57667,33550.766
4.58000,33479.797
4.58333,33506.008
4.58667,33531.914
4.59000,33267.980
4.59333,33372.492
4.59667,33458.145
4.60000,33293.566
4.60333,33362.605
4.60667,33443.836
4.61000,33513.742
4.61333,33407.785
4.61667,33444.316
4.62000,33600.500
4.62333,33469.648
4.62667,33377.430
4.63000,33507.645
4.63333,33341.547
4.63667,33282.836
4.64000,33366.352
4.64333,33349.855
4.64667,33275.078
4.65000,33339.605
4.65333,33360.008
4.65667,33469.910
4.66000,33339.645
4.66333,33407.473
4.66667,33427.125
4.67000,33462.508
4.67333,33239.008
4.67667,33397.645
4.68000,33484.492
4.68333,33286.266
4.68667,33292.031
4.69000,33250.176
4.69333,33445.285
4.69667,33459.570
4.70000,33452.469
4.70333,33292.875
4.70667,33419.668
4.71000,33694.242
4.71333,33553.688
4.71667,33477.723
4.72000,33557.668
4.72333,33584.363
4.72667,33535.988
4.73000,33752.215
4.73333,33621.703
4.73667,33581.527
4.74000,33710.648
4.74333,33738.961
4.74667,33704.527
4.75000,33667.137
4.75333,33672.785
4.75667,33782.668
4.76000,33584.992
4.76333,33630.078
4.76667,33733.934
4.77000,33747.449
4.77333,33640.824
4.77667,33815.734
4.78000,33747.012
4.78333,33740.430
4.78667,33676.000
4.79000,33824.352
4.79333,33752.836
4.79667,33788.008
4.80000,33745.609
4.80333,33780.637
4.80667,33677.930
4.81000,33850.293
4.81333,33729.895
4.81667,33760.031
4.82000,33839.492
4.82333,33804.922
4.82667,33742.758
4.83000,34009.684
4.83333,33815.414
4.83667,33866.070
4.84000,33890.625
4.84333,33955.871
4.84667,33870.352
4.85000,33790.203
4.85333,33885.707
4.85667,33965.934
4.86000,34024.184
4.86333,33921.066
4.86667,33997.973
4.87000,33940.758
4.87333,33955.078
4.87667,34056.793
4.88000,33982.363
4.88333,34000.629
4.88667,34075.773
4.89000,34027.469
4.89333,34078.793
4.89667,34071.363
4.90000,33979.488
4.90333,34157.520
4.90667,34203.676
4.91000,34017.703
4.91333,34133.492
4.91667,34134.824
4.92000,34327.277
4.92333,34148.832
4.92667,34237.508
4.93000,34404.746
4.93333,34116.414
4.93667,34122.785
4.94000,34138.410
4.94333,34207.914
4.94667,34199.773
4.95000,34215.223
4.95333,34225.844
4.95667,34207.684
4.96000,34204.707
4.96333,34201.453
4.96667,34261.195
4.97000,34165.453
4.97333,34022.914
4.97667,34178.410
4.98000,34199.797
4.98333,34222.949
4.98667,34191.617
4.99000,34153.223
4.99333,34227.344
4.99667,34098.266
5.00000,34059.434
5.00333,34233.105
5.00667,34181.098
5.01000,34215.734
5.01333,34125.812
5.01667,34069.305
5.02000,34143.086
5.02333,34074.297
5.02667,34109.742
5.03000,34145.590
5.03333,33981.961
5.03667,34134.625
5.04000,34057.648
5.04333,33996.648
5.04667,34106.816
5.05000,33974.988
5.05333,34149.875
5.05667,34096.352
5.06000,34122.871
5.06333,34213.332
5.06667,34145.195
5.07000,33995.875
5.07333,34223.531
5.07667,34289.324
5.08000,34224.258
5.08333,34202.656
5.08667,34158.707
5.09000,34066.453
5.09333,34227.461
5.09667,34283.410
5.10000,34192.039
5.10333,34223.375
5.10667,34272.227
5.11000,34337.441
5.11333,34278.793
5.11667,34191.637
5.12000,34196.508
5.12333,34425.695
5.12667,34160.492
5.13000,34292.559
5.13333,34242.363
5.13667,34315.605
5.14000,34363.527
5.14333,34288.824
5.14667,34267.031
5.15000,34371.969
5.15333,34275.246
5.15667,34305.715
5.16000,34399.031
5.16333,34364.234
5.16667,34397.629
5.17000,34261.273
5.17333,34201.949
5.17667,34251.973
5.18000,34372.145
5.18333,34341.836
5.18667,34341.258
5.19000,34241.531
5.19333,34234.078
5.19667,34298.684
5.20000,34273.020
5.20333,34428.941
5.20667,34255.863
5.21000,34143.215
5.21333,34230.766
5.21667,34249.324
5.22000,34274.332
5.22333,34280.277
5.22667,34322.137
5.23000,34252.000
5.23333,34189.520
5.23667,34268.203
5.24000,34246.492
5.24333,34142.852
5.24667,34153.223
5.25000,34344.973
5.25333,34258.703
5.25667,34260.605
5.26000,34208.531
5.26333,34183.723
5.26667,34275.676
5.27000,34278.500
5.27333,34218.676
5.27667,34133.324
5.28000,34137.227
5.28333,34300.656
5.28667,34241.492
5.29000,34231.609
5.29333,34325.469
5.29667,34346.441
5.30000,34224.754
5.30333,34250.637
5.30667,34221.098
5.31000,34263.383
5.31333,34395.066
5.31667,34280.992
5.32000,34083.402
5.32333,34260.785
5.32667,34241.148
5.33000,34382.922
5.33333,34244.207
5.33667,34227.098
5.34000,34190.168
5.34333,34184.277
5.34667,34269.090
5.35000,34182.355
5.35333,34230.375
5.35667,34291.785
5.36000,34187.258
5.36333,34159.559
5.36667,34169.758
5.37000,34099.805
5.37333,34151.645
5.37667,34153.227
5.38000,34192.656
5.38333,34193.793
5.38667,34152.344
5.39000,34207.008
5.39333,34158.844
5.39667,34188.430
5.40000,34169.078
5.40333,34162.852
5.40667,34112.086
5.41000,34087.355
5.41333,34130.973
5.41667,34092.590
5.42000,33987.020
5.42333,34112.836
5.42667,34154.586
5.43000,33996.816
5.43333,34049.125
5.43667,34188.137
5.44000,34123.727
5.44333,34068.895
5.44667,34031.703
5.45000,34153.988
5.45333,34292.020
5.45667,34091.215
5.46000,34137.312
5.46333,34094.434
5.46667,34050.453
5.47000,34156.223
5.47333,34172.156
5.47667,34242.520
5.48000,34119.414
5.48333,34263.914
5.48667,34160.855
5.49000,34315.812
5.49333,34269.258
5.49667,34141.164
5.50000,34115.883
5.50333,34190.410
5.50667,34164.234
5.51000,34099.797
5.51333,34205.305
5.51667,34179.164
5.52000,34043.176
5.52333,34150.422
5.52667,34063.441
5.53000,34152.609
5.53333,34062.137
5.53667,34112.020
5.54000,34121.371
5.54333,34090.383
5.54667,34159.664
5.55000,34274.109
5.55333,34203.453
5.55667,34149.625
5.56000,34241.941
5.56333,34150.551
5.56667,34186.488
5.57000,34110.973
5.57333,34152.656
5.57667,34194.812
5.58000,34376.910
5.58333,34141.008
5.58667,34126.324
5.59000,34104.910
5.59333,33960.992
5.59667,34230.371
5.60000,34136.734
5.60333,34009.773
5.60667,34076.480
5.61000,34123.797
5.61333,34064.520
5.61667,34084.852
5.62000,34089.973
5.62333,34208.609
5.62667,34059.203
5.63000,34020.047
5.63333,34063.734
5.63667,34061.441
5.64000,34136.637
5.64333,34012.266
5.64667,34155.852
5.65000,34265.656
5.65333,34147.344
5.65667,34149.344
5.66000,34145.988
5.66333,34056.078
5.66667,34197.234
5.67000,34068.137
5.67333,34057.941
5.67667,34068.371
5.68000,33966.086
5.68333,33988.355
5.68667,34032.039
5.69000,33991.168
5.69333,34008.277
5.69667,34017.066
5.70000,34036.449
5.70333,34081.164
5.70667,34129.586
5.71000,34049.734
5.71333,33999.125
5.71667,33991.609
5.72000,34139.703
5.72333,34006.668
5.72667,34112.227
5.73000,33998.312
5.73333,34140.395
5.73667,34018.973
5.74000,34054.930
5.74333,33923.051
5.74667,33985.254
5.75000,33865.520
5.75333,34087.254
5.75667,33930.195
5.76000,34159.195
5.76333,33934.746
5.76667,34165.008
5.77000,34131.930
5.77333,34031.066
5.77667,34003.480
5.78000,34074.961
5.78333,34055.375
5.78667,34019.070
5.79000,34029.707
5.79333,34005.824
5.79667,34025.715
5.80000,33836.734
5.80333,33973.316
5.80667,33983.051
5.81000,34085.078
5.81333,33889.941
5.81667,33789.797
5.82000,33868.586
5.82333,33923.441
5.82667,33926.852
5.83000,33930.031
5.83333,33999.293
5.83667,34034.508
5.84000,33896.586
5.84333,33976.027
5.84667,33843.000
5.85000,34047.020
5.85333,33959.586
5.85667,34026.156
5.86000,33929.293
5.86333,34006.008
5.86667,33992.922
5.87000,34091.070
5.87333,33968.676
5.87667,34090.934
5.88000,33903.297
5.88333,33888.969
5.88667,34030.793
5.89000,33940.914
5.89333,33989.469
5.89667,33881.793
5.90000,34058.422
5.90333,34004.453
5.90667,33923.324
5.91000,33862.449
5.91333,33980.895
5.91667,33949.215
5.92000,34029.777
5.92333,34016.969
5.92667,33982.168
5.93000,33967.773
5.93333,33976.973
5.93667,34044.832
5.94000,33938.539
5.94333,34025.207
5.94667,34019.156
5.95000,34004.785
5.95333,33898.227
5.95667,33924.766
5.96000,33945.195
5.96333,33994.844
5.96667,33846.949
5.97000,33827.949
5.97333,33996.969
5.97667,33888.453
5.98000,33879.598
5.98333,33917.336
5.98667,33958.758
5.99000,33945.137
5.99333,33851.469
5.99667,33817.461
6.00000,33981.973
6.00333,33875.258
6.00667,33936.875
6.01000,33888.461
6.01333,33757.656
6.01667,33861.449
6.02000,33778.793
6.02333,33837.234
6.02667,33855.836
6.03000,33867.137
6.03333,33898.242
6.03667,33909.129
6.04000,33806.059
6.04333,33894.531
6.04667,33773.793
6.05000,33902.137
6.05333,33815.531
6.05667,33801.656
6.06000,33815.203
6.06333,33715.488
6.06667,33803.512
6.07000,33952.336
6.07333,33834.305
6.07667,33859.566
6.08000,33757.430
6.08333,34000.922
6.08667,33759.793
6.09000,33845.559
6.09333,33939.816
6.09667,33785.637
6.10000,33934.668
6.10333,33898.059
6.10667,33881.059
6.11000,33825.031
6.11333,33788.953
6.11667,33924.754
6.12000,33788.184
6.12333,34032.852
6.12667,33889.336
6.13000,33897.223
6.13333,33788.242
6.13667,33713.930
6.14000,33830.723
6.14333,33822.254
6.14667,33802.992
6.15000,33874.773
6.15333,33833.391
6.15667,33925.684
6.16000,33766.746
6.16333,33807.598
6.16667,33654.922
6.17000,33737.500
6.17333,33705.391
6.17667,33706.422
6.18000,33657.410
6.18333,33596.254
6.18667,33665.617
6.19000,33702.895
6.19333,33785.492
6.19667,33685.098
6.20000,33648.137
6.20333,33845.312
6.20667,33785.492
6.21000,33786.570
6.21333,33717.688
6.21667,33643.223
6.22000,33652.855
6.22333,33574.500
6.22667,33747.293
6.23000,33608.422
6.23333,33588.777
6.23667,33711.391
6.24000,33629.812
6.24333,33596.703
6.24667,33612.215
6.25000,33669.168
6.25333,33661.766
6.25667,33627.637
6.26000,33587.164
6.26333,33683.012
6.26667,33690.008
6.27000,33444.988
6.27333,33690.727
6.27667,33679.480
6.28000,33887.047
6.28333,33677.449
6.28667,33646.266
6.29000,33683.902
6.29333,33697.855
6.29667,33611.324
6.30000,33733.676
6.30333,33705.832
6.30667,33519.570
6.31000,33664.051
6.31333,33668.973
6.31667,33724.480
6.32000,33721.910
6.32333,33708.492
6.32667,33761.758
6.33000,33570.551
6.33333,33686.184
6.33667,33620.676
6.34000,33553.980
6.34333,33612.266
6.34667,33558.371
6.35000,33612.895
6.35333,33674.645
6.35667,33664.832
6.36000,33646.434
6.36333,33662.727
6.36667,33653.578
6.37000,33478.863
6.37333,33576.469
6.37667,33584.234
6.38000,33633.664
6.38333,33704.488
6.38667,33593.527
6.39000,33544.758
6.39333,33720.469
6.39667,33619.570
6.40000,33588.391
6.40333,33501.816
6.40667,33474.031
6.41000,33618.020
6.41333,33557.285
6.41667,33455.629
6.42000,33467.930
6.42333,33514.992
6.42667,33551.363
6.43000,33525.527
6.43333,33634.902
6.43667,33643.832
6.44000,33638.734
6.44333,33588.148
6.44667,33536.363
6.45000,33513.223
6.45333,33630.949
6.45667,33649.941
6.46000,33604.723
6.46333,33498.855
6.46667,33471.785
6.47000,33459.086
6.47333,33497.648
6.47667,33554.480
6.48000,33653.188
6.48333,33564.031
6.48667,33538.992
6.49000,33519.297
6.49333,33835.012
6.49667,33683.703
6.50000,33638.246
6.50333,33863.883
6.50667,33690.117
6.51000,33496.223
6.51333,33584.766
6.51667,33523.223
6.52000,33646.109
6.52333,33676.020
6.52667,33623.539
6.53000,33887.371
6.53333,33638.992
6.53667,33619.992
6.54000,33804.090
6.54333,33656.266
6.54667,33788.473
6.55000,33560.512
6.55333,33680.855
6.55667,33615.125
6.56000,33766.090
6.56333,33727.812
6.56667,33673.355
6.57000,33743.207
6.57333,33551.098
6.57667,33735.242
6.58000,33714.688
6.58333,33590.852
6.58667,33660.066
6.59000,33399.070
6.59333,33632.824
6.59667,33675.383
6.60000,33573.547
6.60333,33708.051
6.60667,33665.473
6.61000,33631.098
6.61333,33600.566
6.61667,33784.305
6.62000,33526.168
6.62333,33614.914
6.62667,33549.766
6.63000,33608.812
6.63333,33687.836
6.63667,33621.688
6.64000,33711.312
6.64333,33814.785
6.64667,33861.109
6.65000,33900.656
6.65333,33727.797
6.65667,33778.812
6.66000,33821.609
6.66333,33729.434
6.66667,33749.715
6.67000,33657.168
6.67333,33736.988
6.67667,33778.070
6.68000,33801.215
6.68333,33803.098
6.68667,33791.793
6.69000,33826.824
6.69333,33834.559
6.69667,33865.746
6.70000,33880.723
6.70333,33947.664
6.70667,34049.637
6.71000,34002.195
6.71333,33977.227
6.71667,33956.375
6.72000,33991.871
6.72333,33827.422
6.72667,33933.531
6.73000,33905.059
6.73333,33936.098
6.73667,33937.305
6.74000,34102.059
6.74333,34003.836
6.74667,33938.430
6.75000,33942.871
6.75333,33950.707
6.75667,33999.500
6.76000,34083.469
6.76333,34007.527
6.76667,34053.500
6.77000,34027.766
6.77333,34084.609
6.77667,33975.586
6.78000,34066.070
6.78333,34036.547
6.78667,34077.008
6.79000,34165.273
6.79333,33970.676
6.79667,34069.293
6.80000,34107.375
6.80333,34244.059
6.80667,34213.656
6.81000,34256.391
6.81333,34311.215
6.81667,34346.855
6.82000,34310.066
6.82333,34314.117
6.82667,34188.242
6.83000,34475.910
6.83333,34461.223
6.83667,34452.824
6.84000,34421.863
6.84333,34549.715
6.84667,34572.184
6.85000,34519.449
6.85333,34562.363
6.85667,34594.000
6.86000,34583.766
6.86333,34748.684
6.86667,34683.176
6.87000,34746.297
6.87333,34671.816
6.87667,34797.637
6.88000,34795.941
6.88333,34894.969
6.88667,34973.855
6.89000,35016.539
6.89333,35014.090
6.89667,35049.648
6.90000,35039.258
6.90333,34972.992
6.90667,35046.277
6.91000,35215.934
6.91333,35211.492
6.91667,35204.766
6.92000,35248.969
6.92333,35260.254
6.92667,35419.961
6.93000,35499.020
6.93333,35357.754
6.93667,35470.047
6.94000,35474.941
6.94333,35542.039
6.94667,35599.914
6.95000,35489.953
6.95333,35626.410
6.95667,35679.480
6.96000,35858.539
6.96333,35888.668
6.96667,35855.766
6.97000,35979.617
6.97333,36029.645
6.97667,36014.668
6.98000,36033.508
6.98333,36190.742
6.98667,36334.883
6.99000,36483.793
6.99333,36457.066
6.99667,36558.207
7.00000,36650.492
7.00333,36703.461
7.00667,36802.195
7.01000,36807.090
7.01333,37007.195
7.01667,37083.242
7.02000,37114.527
7.02333,37255.383
7.02667,37403.297
7.03000,37483.578
7.03333,37548.375
7.03667,37527.344
7.04000,37549.430
7.04333,37704.090
7.04667,37710.109
7.05000,37817.805
7.05333,37884.586
7.05667,37994.590
7.06000,38191.793
7.06333,38251.953
7.06667,38584.910
7.07000,38598.125
7.07333,38609.949
7.07667,38900.344
7.08000,38941.852
7.08333,38928.430
7.08667,39117.949
7.09000,39038.863
7.09333,39259.707
7.09667,39277.066
7.10000,39482.109
7.10333,39392.551
7.10667,39579.137
7.11000,39595.223
7.11333,39669.449
7.11667,39837.051
7.12000,40011.434
7.12333,39970.266
7.12667,40222.785
7.13000,40135.539
7.13333,40428.812
7.13667,40483.992
7.14000,40664.449
7.14333,40683.383
7.14667,40766.305
7.15000,40880.090
7.15333,40948.656
7.15667,41074.312
7.16000,40812.176
7.16333,41188.422
7.16667,41261.949
7.17000,41601.305
7.17333,41394.934
7.17667,41520.980
7.18000,41656.336
7.18333,41697.371
7.18667,41861.934
7.19000,41898.816
7.19333,42005.410
7.19667,42137.461
7.20000,42319.980
7.20333,42319.500
7.20667,42419.949
7.21000,42232.520
7.21333,42203.395
7.21667,42341.098
7.22000,42568.344
7.22333,42590.469
7.22667,42701.742
7.23000,42943.109
7.23333,42866.430
7.23667,42919.031
7.24000,42905.742
7.24333,43117.164
7.24667,43164.785
7.25000,43080.195
7.25333,43155.637
7.25667,43300.598
7.26000,43422.105
7.26333,43540.871
7.26667,43476.586
7.27000,43659.105
7.27333,43706.934
7.27667,43708.117
7.28000,43694.508
7.28333,43818.637
7.28667,43993.012
7.29000,44006.934
7.29333,44113.207
7.29667,44084.293
7.30000,44116.586
7.30333,44044.805
7.30667,44164.109
7.31000,44158.684
7.31333,44309.824
7.31667,44273.656
7.32000,44131.098
7.32333,44285.777
7.32667,44220.676
7.33000,44330.492
7.33333,44344.012
7.33667,44421.402
7.34000,44595.609
7.34333,44616.758
7.34667,44568.293
7.35000,44596.758
7.35333,44630.812
7.35667,44653.344
7.36000,44543.832
7.36333,44678.684
7.36667,44764.625
7.37000,44626.559
7.37333,44807.297
7.37667,44808.852
7.38000,44942.395
7.38333,44617.008
7.38667,46480.184
7.39000,45634.539
7.39333,45715.461
7.39667,45656.273
7.40000,45110.352
7.40333,45010.207
7.40667,45062.855
7.41000,44983.742
7.41333,44902.910
7.41667,45121.164
7.42000,45160.254
7.42333,45239.531
7.42667,45252.145
7.43000,45320.188
7.43333,45263.844
7.43667,45253.590
7.44000,45263.992
7.44333,45203.105
7.44667,45381.195
7.45000,45504.305
7.45333,45470.684
7.45667,45406.293
7.46000,45317.492
7.46333,45304.242
7.46667,45399.242
7.47000,45470.145
7.47333,45439.742
7.47667,45366.973
7.48000,45541.598
7.48333,45567.098
7.48667,45470.176
7.49000,45612.383
7.49333,45617.766
7.49667,45609.609
7.50000,45501.973
7.50333,45467.727
7.50667,45515.941
7.51000,45685.836
7.51333,45522.863
7.51667,45438.086
7.52000,45424.266
7.52333,45523.773
7.52667,45677.980
7.53000,45659.547
7.53333,45682.980
7.53667,45664.125
7.54000,45603.855
7.54333,45786.742
7.54667,45617.645
7.55000,45493.039
7.55333,45608.336
7.55667,45649.449
7.56000,45647.129
7.56333,45796.469
7.56667,45764.625
7.57000,45665.723
7.57333,45721.629
7.57667,45677.715
7.58000,45713.125
7.58333,45681.645
7.58667,45741.039
7.59000,45839.883
7.59333,45691.609
7.59667,45749.129
7.60000,45649.324
7.60333,45761.539
7.60667,45819.258
7.61000,45836.605
7.61333,45868.414
7.61667,45840.508
7.62000,45751.914
7.62333,45887.098
7.62667,45851.836
7.63000,45927.125
7.63333,45794.254
7.63667,45909.332
7.64000,45879.793
7.64333,45759.797
7.64667,45881.676
7.65000,46069.125
7.65333,46041.145
7.65667,45941.355
7.66000,46062.012
7.66333,46070.000
7.66667,46014.941
7.67000,45829.246
7.67333,45945.969
7.67667,46037.551
7.68000,45842.020
7.68333,45959.258
7.68667,45884.520
7.69000,45829.668
7.69333,46064.727
7.69667,45979.570
7.70000,46037.277
7.70333,45920.586
7.70667,46021.695
7.71000,45894.098
7.71333,45897.914
7.71667,45960.520
7.72000,46089.234
7.72333,45931.875
7.72667,45962.664
7.73000,45875.109
7.73333,46100.578
7.73667,46047.688
7.74000,46041.617
7.74333,46109.605
7.74667,45860.895
7.75000,46053.953
7.75333,45981.520
7.75667,46180.520
7.76000,46245.227
7.76333,45989.164
7.76667,45987.227
7.77000,46183.656
7.77333,46025.531
7.77667,46035.078
7.78000,45809.109
7.78333,46088.227
7.78667,46251.422
7.79000,46229.875
7.79333,46367.215
7.79667,46335.629
7.80000,46165.129
7.80333,46198.203
7.80667,46270.371
7.81000,46068.961
7.81333,46049.852
7.81667,46038.688
7.82000,46120.766
7.82333,46034.539
7.82667,46248.570
7.83000,46158.273
7.83333,46202.273
7.83667,46086.125
7.84000,46223.008
7.84333,46284.137
7.84667,46155.703
7.85000,46176.117
7.85333,46024.156
7.85667,46288.676
7.86000,46264.617
7.86333,46186.078
7.86667,46055.734
7.87000,46013.508
7.87333,46211.785
7.87667,46296.668
7.88000,46143.609
7.88333,46163.129
7.88667,46244.734
7.89000,46208.875
7.89333,46084.402
7.89667,46147.723
7.90000,46145.422
7.90333,46157.625
7.90667,46233.766
7.91000,46150.402
7.91333,46278.066
7.91667,46239.293
7.92000,46016.883
7.92333,46497.832
7.92667,46173.371
7.93000,46398.715
7.93333,46253.480
7.93667,46211.246
7.94000,46248.953
7.94333,46276.973
7.94667,46002.727
7.95000,46107.410
7.95333,46058.797
7.95667,46243.910
7.96000,46140.832
7.96333,46124.492
7.96667,46109.195
7.97000,46467.570
7.97333,46200.336
7.97667,46287.012
7.98000,46228.656
7.98333,46062.344
7.98667,46226.883
7.99000,46096.012
7.99333,46251.688
7.99667,46322.227
8.00000,46176.371
8.00333,46542.215
8.00667,46719.012
8.01000,47040.773
8.01333,46744.258
8.01667,46513.703
8.02000,46484.305
8.02333,46194.227
8.02667,46271.371
8.03000,46181.512
8.03333,46361.605
8.03667,46394.766
8.04000,46526.973
8.04333,46182.203
8.04667,46462.109
8.05000,46478.605
8.05333,46400.039
8.05667,46378.746
8.06000,46182.531
8.06333,46388.625
8.06667,46591.297
8.07000,46132.070
8.07333,46402.039
8.07667,46277.914
8.08000,46447.852
8.08333,46294.129
8.08667,46384.773
8.09000,46457.637
8.09333,46474.547
8.09667,46215.184
8.10000,46325.164
8.10333,46142.480
8.10667,45988.508
8.11000,46486.453
8.11333,46414.875
8.11667,46176.145
8.12000,46050.754
8.12333,46206.754
8.12667,46031.164
8.13000,46102.145
8.13333,46075.195
8.13667,46318.047
8.14000,46133.020
8.14333,46226.059
8.14667,46254.156
8.15000,46217.020
8.15333,46249.027
8.15667,46067.508
8.16000,46192.625
8.16333,46153.508
8.16667,46318.051
8.17000,46269.598
8.17333,46187.625
8.17667,46366.754
8.18000,46151.637
8.18333,46194.793
8.18667,46108.836
8.19000,46108.352
8.19333,46118.145
8.19667,45965.145
8.20000,46121.625
8.20333,46269.234
8.20667,46508.648
8.21000,46592.453
8.21333,46568.605
8.21667,46406.352
8.22000,46248.598
8.22333,46126.816
8.22667,46216.934
8.23000,46190.254
8.23333,46405.176
8.23667,46360.039
8.24000,45963.844
8.24333,46404.188
8.24667,46309.559
8.25000,46066.492
8.25333,46039.164
8.25667,46090.785
8.26000,46447.402
8.26333,46249.895
8.26667,46257.508
8.27000,46210.934
8.27333,46454.277
8.27667,46416.223
8.28000,46172.746
8.28333,46067.727
8.28667,46190.215
8.29000,46120.988
8.29333,46057.070
8.29667,46239.688
8.30000,46268.125
8.30333,46038.297
8.30667,46206.836
8.31000,46001.875
8.31333,46171.598
8.31667,46028.637
8.32000,45798.664
8.32333,46245.039
8.32667,46136.031
8.33000,45926.871
8.33333,46122.805
8.33667,46252.148
8.34000,46203.277
8.34333,46183.855
8.34667,46027.785
8.35000,45982.570
8.35333,46198.824
8.35667,46006.863
8.36000,46221.098
8.36333,46124.648
8.36667,46057.434
8.37000,46159.176
8.37333,45928.668
8.37667,46331.969
8.38000,45934.148
8.38333,45972.117
8.38667,46176.914
8.39000,46395.863
8.39333,46193.668
8.39667,46212.277
8.40000,45885.949
8.40333,46131.934
8.40667,46232.609
8.41000,45965.715
8.41333,46021.461
8.41667,46183.000
8.42000,46167.434
8.42333,46180.105
8.42667,46029.520
8.43000,46101.949
8.43333,46071.273
8.43667,46203.492
8.44000,46161.727
8.44333,46019.902
8.44667,45878.941
8.45000,45886.176
8.45333,46247.797
8.45667,46080.746
8.46000,46117.176
8.46333,46222.617
8.46667,46143.914
8.47000,46024.473
8.47333,46002.875
8.47667,46098.598
8.48000,46142.441
8.48333,46019.930
8.48667,45913.227
8.49000,45817.910
8.49333,46053.871
8.49667,46104.414
8.50000,46134.008
8.50333,45975.047
8.50667,45846.246
8.51000,45919.078
8.51333,45903.855
8.51667,46135.316
8.52000,46219.648
8.52333,45853.254
8.52667,46041.395
8.53000,46062.590
8.53333,46024.273
8.53667,46099.332
8.54000,46286.863
8.54333,45875.590
8.54667,46010.168
8.55000,45802.875
8.55333,45800.020
8.55667,45952.137
8.56000,45749.441
8.56333,45897.645
8.56667,45918.742
8.57000,45939.723
8.57333,46140.922
8.57667,46044.070
8.58000,46094.891
8.58333,45912.266
8.58667,45988.402
8.59000,45835.156
8.59333,45911.727
8.59667,46046.109
8.60000,45997.242
8.60333,46015.949
8.60667,45792.129
8.61000,45871.539
8.61333,45907.855
8.61667,45898.430
8.62000,46031.598
8.62333,45933.570
8.62667,45853.227
8.63000,45816.793
8.63333,45946.234
8.63667,46166.746
8.64000,45926.836
8.64333,45936.598
8.64667,45833.324
8.65000,45905.941
8.65333,45820.473
8.65667,45833.344
8.66000,45938.664
8.66333,45763.434
8.66667,45739.008
8.67000,45822.227
8.67333,45961.168
8.67667,45795.020
8.68000,45906.371
8.68333,45822.707
8.68667,45834.203
8.69000,45728.520
8.69333,45755.648
8.69667,45737.547
8.70000,45909.449
8.70333,45824.902
8.70667,45382.805
8.71000,44439.430
8.71333,41615.707
8.71667,38964.949
8.72000,36585.434
8.72333,35212.070
8.72667,35593.797
8.73000,39836.492
8.73333,39828.910
8.73667,33161.988
8.74000,36019.648
8.74333,52708.805
8.74667,59354.215
8.75000,60222.812
8.75333,60278.352
8.75667,60334.777
8.76000,60413.469
8.76333,60359.637
8.76667,60241.059
8.77000,60278.020
8.77333,60247.836
8.77667,60362.816
8.78000,60307.258
8.78333,60292.371
8.78667,60386.066
8.79000,60402.520
8.79333,60431.609
8.79667,60280.145
8.80000,60201.344
8.80333,60340.871
8.80667,60326.355
8.81000,60298.215
8.81333,60322.531
8.81667,60420.316
8.82000,60437.070
8.82333,60260.863
8.82667,60227.336
8.83000,60221.656
8.83333,60270.824
8.83667,60229.266
8.84000,60204.145
8.84333,60282.703
8.84667,60383.164
8.85000,60331.008
8.85333,60318.766
8.85667,60429.297
8.86000,60396.363
8.86333,60241.922
8.86667,60280.195
8.87000,60209.027
8.87333,60157.508
8.87667,60306.617
8.88000,60288.293
8.88333,60385.547
8.88667,60325.336
8.89000,60241.883
8.89333,60210.992
8.89667,60337.934
8.90000,60415.441
8.90333,60205.566
8.90667,60210.223
8.91000,60246.598
8.91333,60248.441
8.91667,60221.383
8.92000,60358.684
8.92333,60252.531
8.92667,60415.039
8.93000,60300.129
8.93333,60257.734
8.93667,60198.293
8.94000,60313.480
8.94333,60410.188
8.94667,60223.332
8.95000,60093.816
8.95333,60301.832
8.95667,60440.375
8.96000,60341.871
8.96333,60314.742
8.96667,60242.266
8.97000,60337.684
8.97333,60373.688
8.97667,60370.617
8.98000,60318.688
8.98333,60226.953
8.98667,60228.137
8.99000,60411.168
8.99333,60317.316
8.99667,60363.695
9.00000,60350.934
9.00333,60333.961
9.00667,60279.277
9.01000,60205.590
9.01333,60151.316
9.01667,60219.527
9.02000,60242.625
9.02333,60208.355
9.02667,60411.027
9.03000,60278.090
9.03333,60406.344
9.03667,60191.785
9.04000,60446.895
9.04333,60384.777
9.04667,60382.668
9.05000,60240.176
9.05333,60320.676
9.05667,60334.316
9.06000,60269.395
9.06333,60296.500
9.06667,60339.203
9.07000,60342.590
9.07333,60240.973
9.07667,60310.480
9.08000,60270.277
9.08333,60374.586
9.08667,60252.598
9.09000,60480.980
9.09333,60273.234
9.09667,60416.734
9.10000,60389.422
9.10333,60539.051
9.10667,60342.746
9.11000,60210.156
