Measurement time:; 2020-12-10 10:08:40 AM
Radiation device:; Varian TrueBeam Accelerator
Energy:; 9 MeV 
Controller:; CCU
Measurement device:; SMARTSCAN (48*48*41)
Field detector:; EFD3G Diode
Reference detector:; CC 13
SAD:; 1000 mm
SSD:; 1000 mm
Field size:; 100 x 100 mm
Gantry angle:; 0
Measurement medium:; Water
Scan type:; Inline
Scan mode:; Continuous
Wedge:; none

Points [mm]:
Inline; Crossline; Depth; Normalized field; Current field; Ratio
178.5; 0.0; 20.0; 0.23; 9378.2; 0.20
178.0; 0.0; 20.0; 0.20; 8337.1; 0.20
177.2; 0.0; 20.0; 0.22; 9262.3; 0.22
176.6; 0.0; 20.0; 0.20; 8450.5; 0.20
176.1; 0.0; 20.0; 0.20; 8418.9; 0.20
175.6; 0.0; 20.0; 0.22; 9023.2; 0.21
175.2; 0.0; 20.0; 0.20; 8351.3; 0.20
174.7; 0.0; 20.0; 0.21; 8877.3; 0.21
174.2; 0.0; 20.0; 0.21; 8586.3; 0.20
173.7; 0.0; 20.0; 0.19; 7967.1; 0.19
173.1; 0.0; 20.0; 0.20; 8389.4; 0.20
172.6; 0.0; 20.0; 0.21; 8565.6; 0.20
172.1; 0.0; 20.0; 0.19; 7820.7; 0.19
171.6; 0.0; 20.0; 0.20; 8337.8; 0.20
171.2; 0.0; 20.0; 0.20; 8324.0; 0.20
170.7; 0.0; 20.0; 0.20; 8093.5; 0.19
170.1; 0.0; 20.0; 0.20; 8243.0; 0.19
169.6; 0.0; 20.0; 0.21; 8617.5; 0.20
169.1; 0.0; 20.0; 0.20; 8383.3; 0.20
168.6; 0.0; 20.0; 0.20; 8224.0; 0.20
168.1; 0.0; 20.0; 0.19; 8086.3; 0.19
167.6; 0.0; 20.0; 0.21; 8536.0; 0.20
167.1; 0.0; 20.0; 0.21; 8601.7; 0.20
166.6; 0.0; 20.0; 0.21; 8815.1; 0.21
166.1; 0.0; 20.0; 0.19; 7883.4; 0.19
165.6; 0.0; 20.0; 0.21; 8650.5; 0.20
165.1; 0.0; 20.0; 0.21; 8839.5; 0.21
164.6; 0.0; 20.0; 0.21; 8801.1; 0.21
164.1; 0.0; 20.0; 0.19; 7887.4; 0.19
163.6; 0.0; 20.0; 0.20; 8420.0; 0.20
163.1; 0.0; 20.0; 0.21; 8584.3; 0.20
162.6; 0.0; 20.0; 0.19; 8026.4; 0.19
162.1; 0.0; 20.0; 0.21; 8517.2; 0.20
161.6; 0.0; 20.0; 0.21; 8859.9; 0.21
161.1; 0.0; 20.0; 0.21; 8613.1; 0.21
160.5; 0.0; 20.0; 0.20; 8127.2; 0.19
160.1; 0.0; 20.0; 0.21; 8703.1; 0.21
159.6; 0.0; 20.0; 0.20; 8490.9; 0.20
159.1; 0.0; 20.0; 0.21; 8893.3; 0.21
158.5; 0.0; 20.0; 0.23; 9387.1; 0.22
158.0; 0.0; 20.0; 0.22; 8918.7; 0.21
157.5; 0.0; 20.0; 0.22; 9223.2; 0.22
157.0; 0.0; 20.0; 0.21; 8875.4; 0.21
156.5; 0.0; 20.0; 0.21; 8867.2; 0.21
156.0; 0.0; 20.0; 0.22; 9166.1; 0.22
155.5; 0.0; 20.0; 0.21; 8802.2; 0.21
155.0; 0.0; 20.0; 0.22; 9123.2; 0.22
154.5; 0.0; 20.0; 0.23; 9617.7; 0.23
154.0; 0.0; 20.0; 0.23; 9440.2; 0.22
153.5; 0.0; 20.0; 0.22; 9079.3; 0.22
153.0; 0.0; 20.0; 0.22; 9231.4; 0.22
152.5; 0.0; 20.0; 0.23; 9430.6; 0.22
151.9; 0.0; 20.0; 0.22; 9199.2; 0.22
151.4; 0.0; 20.0; 0.24; 9755.6; 0.23
150.9; 0.0; 20.0; 0.24; 9926.9; 0.23
150.4; 0.0; 20.0; 0.23; 9647.0; 0.23
149.9; 0.0; 20.0; 0.23; 9354.1; 0.22
149.4; 0.0; 20.0; 0.23; 9472.5; 0.23
148.9; 0.0; 20.0; 0.24; 10051.7; 0.24
148.4; 0.0; 20.0; 0.25; 10360.0; 0.25
147.9; 0.0; 20.0; 0.25; 10242.1; 0.24
147.4; 0.0; 20.0; 0.25; 10214.5; 0.24
146.9; 0.0; 20.0; 0.24; 9873.0; 0.23
146.4; 0.0; 20.0; 0.23; 9510.9; 0.23
145.9; 0.0; 20.0; 0.25; 10233.5; 0.24
145.4; 0.0; 20.0; 0.26; 10667.1; 0.25
144.9; 0.0; 20.0; 0.25; 10533.9; 0.25
144.4; 0.0; 20.0; 0.26; 10853.0; 0.26
143.9; 0.0; 20.0; 0.25; 10272.2; 0.24
143.4; 0.0; 20.0; 0.25; 10167.4; 0.24
142.9; 0.0; 20.0; 0.26; 10857.6; 0.26
142.4; 0.0; 20.0; 0.26; 10861.6; 0.26
141.8; 0.0; 20.0; 0.26; 10682.6; 0.25
141.3; 0.0; 20.0; 0.26; 10962.4; 0.26
140.9; 0.0; 20.0; 0.24; 9912.9; 0.23
140.4; 0.0; 20.0; 0.25; 10481.1; 0.25
139.8; 0.0; 20.0; 0.26; 10746.3; 0.25
139.3; 0.0; 20.0; 0.24; 10047.0; 0.24
138.8; 0.0; 20.0; 0.26; 10989.5; 0.26
138.3; 0.0; 20.0; 0.26; 10796.1; 0.26
137.8; 0.0; 20.0; 0.26; 10659.3; 0.25
137.3; 0.0; 20.0; 0.27; 11306.9; 0.27
136.8; 0.0; 20.0; 0.27; 11079.4; 0.26
136.3; 0.0; 20.0; 0.27; 11114.3; 0.26
135.8; 0.0; 20.0; 0.28; 11584.4; 0.27
135.3; 0.0; 20.0; 0.27; 11183.2; 0.26
134.8; 0.0; 20.0; 0.27; 11304.0; 0.27
134.3; 0.0; 20.0; 0.28; 11753.5; 0.28
133.8; 0.0; 20.0; 0.26; 10954.1; 0.26
133.3; 0.0; 20.0; 0.27; 11109.3; 0.26
132.8; 0.0; 20.0; 0.29; 11907.2; 0.28
132.3; 0.0; 20.0; 0.28; 11661.7; 0.28
131.8; 0.0; 20.0; 0.28; 11545.6; 0.27
131.3; 0.0; 20.0; 0.29; 11871.7; 0.28
130.8; 0.0; 20.0; 0.28; 11789.3; 0.28
130.3; 0.0; 20.0; 0.29; 12137.5; 0.29
129.8; 0.0; 20.0; 0.31; 12887.1; 0.31
129.3; 0.0; 20.0; 0.29; 12128.7; 0.29
128.8; 0.0; 20.0; 0.29; 11891.9; 0.28
128.3; 0.0; 20.0; 0.29; 11966.2; 0.28
127.8; 0.0; 20.0; 0.31; 12838.7; 0.30
127.3; 0.0; 20.0; 0.29; 12049.4; 0.29
126.7; 0.0; 20.0; 0.30; 12619.2; 0.30
126.3; 0.0; 20.0; 0.29; 11995.5; 0.29
125.8; 0.0; 20.0; 0.29; 12103.2; 0.29
125.3; 0.0; 20.0; 0.33; 13652.0; 0.32
124.7; 0.0; 20.0; 0.31; 12868.3; 0.30
124.2; 0.0; 20.0; 0.34; 14280.6; 0.34
123.7; 0.0; 20.0; 0.33; 13705.1; 0.32
123.2; 0.0; 20.0; 0.33; 13766.6; 0.33
122.7; 0.0; 20.0; 0.33; 13683.8; 0.33
122.2; 0.0; 20.0; 0.30; 12650.6; 0.30
121.7; 0.0; 20.0; 0.34; 14074.3; 0.33
121.2; 0.0; 20.0; 0.34; 13909.2; 0.33
120.7; 0.0; 20.0; 0.34; 13969.6; 0.33
120.2; 0.0; 20.0; 0.37; 15218.0; 0.36
119.7; 0.0; 20.0; 0.35; 14668.9; 0.35
119.2; 0.0; 20.0; 0.35; 14499.2; 0.34
118.7; 0.0; 20.0; 0.36; 14999.4; 0.36
118.2; 0.0; 20.0; 0.36; 14866.6; 0.36
117.7; 0.0; 20.0; 0.37; 15155.8; 0.36
117.2; 0.0; 20.0; 0.39; 16325.3; 0.38
116.7; 0.0; 20.0; 0.38; 15878.8; 0.37
116.1; 0.0; 20.0; 0.39; 16076.0; 0.38
115.6; 0.0; 20.0; 0.39; 16131.3; 0.39
115.1; 0.0; 20.0; 0.41; 17118.3; 0.41
114.6; 0.0; 20.0; 0.40; 16602.6; 0.39
114.1; 0.0; 20.0; 0.41; 16950.2; 0.40
113.6; 0.0; 20.0; 0.43; 17976.3; 0.42
113.1; 0.0; 20.0; 0.43; 17745.7; 0.42
112.6; 0.0; 20.0; 0.44; 18327.7; 0.44
112.1; 0.0; 20.0; 0.45; 18536.1; 0.44
111.6; 0.0; 20.0; 0.43; 17905.1; 0.43
111.1; 0.0; 20.0; 0.46; 19034.5; 0.45
110.6; 0.0; 20.0; 0.45; 18863.0; 0.45
110.1; 0.0; 20.0; 0.47; 19575.5; 0.46
109.6; 0.0; 20.0; 0.46; 19236.2; 0.46
109.1; 0.0; 20.0; 0.46; 19152.1; 0.46
108.5; 0.0; 20.0; 0.48; 19867.7; 0.47
108.1; 0.0; 20.0; 0.50; 20548.4; 0.49
107.6; 0.0; 20.0; 0.49; 20445.6; 0.48
107.0; 0.0; 20.0; 0.50; 20614.7; 0.49
106.5; 0.0; 20.0; 0.50; 20843.0; 0.49
106.0; 0.0; 20.0; 0.51; 21137.5; 0.50
105.5; 0.0; 20.0; 0.50; 20876.3; 0.49
105.0; 0.0; 20.0; 0.50; 20551.4; 0.49
104.5; 0.0; 20.0; 0.51; 21233.6; 0.51
104.0; 0.0; 20.0; 0.52; 21720.5; 0.52
103.5; 0.0; 20.0; 0.53; 21783.7; 0.52
103.0; 0.0; 20.0; 0.55; 22905.5; 0.54
102.5; 0.0; 20.0; 0.55; 22963.3; 0.54
102.0; 0.0; 20.0; 0.54; 22547.1; 0.53
101.5; 0.0; 20.0; 0.53; 22024.7; 0.52
101.0; 0.0; 20.0; 0.52; 21579.8; 0.51
100.5; 0.0; 20.0; 0.56; 23291.0; 0.55
100.0; 0.0; 20.0; 0.58; 24035.2; 0.57
99.5; 0.0; 20.0; 0.56; 23331.9; 0.56
99.0; 0.0; 20.0; 0.60; 24885.1; 0.59
98.5; 0.0; 20.0; 0.60; 24906.3; 0.59
98.0; 0.0; 20.0; 0.59; 24305.0; 0.58
97.5; 0.0; 20.0; 0.60; 24844.5; 0.59
96.9; 0.0; 20.0; 0.59; 24565.7; 0.59
96.4; 0.0; 20.0; 0.59; 24535.4; 0.58
96.0; 0.0; 20.0; 0.60; 24988.1; 0.59
95.5; 0.0; 20.0; 0.61; 25500.4; 0.60
95.0; 0.0; 20.0; 0.59; 24439.1; 0.58
94.4; 0.0; 20.0; 0.64; 26363.8; 0.62
93.9; 0.0; 20.0; 0.64; 26477.8; 0.63
93.4; 0.0; 20.0; 0.65; 26852.0; 0.64
92.9; 0.0; 20.0; 0.67; 27745.8; 0.67
92.4; 0.0; 20.0; 0.69; 28653.7; 0.68
91.9; 0.0; 20.0; 0.69; 28453.9; 0.67
91.4; 0.0; 20.0; 0.70; 28936.8; 0.68
90.9; 0.0; 20.0; 0.72; 29792.0; 0.70
90.4; 0.0; 20.0; 0.74; 30613.9; 0.72
89.9; 0.0; 20.0; 0.72; 30063.1; 0.72
89.4; 0.0; 20.0; 0.75; 30982.9; 0.74
88.9; 0.0; 20.0; 0.75; 31187.6; 0.74
88.4; 0.0; 20.0; 0.77; 31927.1; 0.75
87.9; 0.0; 20.0; 0.81; 33450.1; 0.79
87.4; 0.0; 20.0; 0.80; 33012.5; 0.78
86.9; 0.0; 20.0; 0.83; 34299.6; 0.81
86.4; 0.0; 20.0; 0.80; 33272.5; 0.79
85.9; 0.0; 20.0; 0.81; 33739.6; 0.80
85.4; 0.0; 20.0; 0.82; 34212.6; 0.82
84.9; 0.0; 20.0; 0.87; 36122.3; 0.86
84.4; 0.0; 20.0; 0.89; 37009.2; 0.88
83.9; 0.0; 20.0; 0.88; 36445.9; 0.86
83.4; 0.0; 20.0; 0.90; 37261.5; 0.88
82.8; 0.0; 20.0; 0.91; 37771.1; 0.89
82.3; 0.0; 20.0; 0.92; 38138.8; 0.90
81.8; 0.0; 20.0; 0.92; 38221.9; 0.92
81.3; 0.0; 20.0; 0.93; 38508.4; 0.92
80.9; 0.0; 20.0; 0.96; 39763.1; 0.94
80.3; 0.0; 20.0; 0.98; 40780.3; 0.97
79.8; 0.0; 20.0; 1.03; 42598.6; 1.01
79.3; 0.0; 20.0; 1.02; 42288.1; 1.00
78.8; 0.0; 20.0; 1.06; 43784.0; 1.04
78.3; 0.0; 20.0; 1.07; 44486.6; 1.05
77.8; 0.0; 20.0; 1.09; 45081.0; 1.07
77.3; 0.0; 20.0; 1.13; 46732.4; 1.12
76.8; 0.0; 20.0; 1.17; 48627.4; 1.15
76.3; 0.0; 20.0; 1.23; 50845.3; 1.21
75.8; 0.0; 20.0; 1.30; 53739.3; 1.27
75.3; 0.0; 20.0; 1.34; 55749.3; 1.31
74.8; 0.0; 20.0; 1.38; 57220.5; 1.35
74.3; 0.0; 20.0; 1.46; 60467.7; 1.43
73.8; 0.0; 20.0; 1.49; 61911.0; 1.48
73.3; 0.0; 20.0; 1.58; 65612.3; 1.56
72.8; 0.0; 20.0; 1.66; 68872.3; 1.64
72.3; 0.0; 20.0; 1.77; 73482.8; 1.75
71.8; 0.0; 20.0; 1.85; 76917.2; 1.82
71.3; 0.0; 20.0; 1.92; 79759.2; 1.89
70.8; 0.0; 20.0; 2.03; 84302.9; 1.99
70.3; 0.0; 20.0; 2.19; 90846.6; 2.15
69.8; 0.0; 20.0; 2.30; 95242.1; 2.25
69.3; 0.0; 20.0; 2.45; 101669.6; 2.41
68.8; 0.0; 20.0; 2.59; 107328.3; 2.56
68.3; 0.0; 20.0; 2.73; 113176.6; 2.70
67.8; 0.0; 20.0; 2.98; 123630.7; 2.93
67.3; 0.0; 20.0; 3.13; 129826.8; 3.06
66.7; 0.0; 20.0; 3.35; 138942.4; 3.28
66.2; 0.0; 20.0; 3.59; 148848.9; 3.51
65.7; 0.0; 20.0; 3.80; 157832.6; 3.77
65.2; 0.0; 20.0; 3.99; 165521.1; 3.97
64.7; 0.0; 20.0; 4.36; 180686.0; 4.28
64.2; 0.0; 20.0; 4.79; 198728.4; 4.69
63.7; 0.0; 20.0; 5.07; 210267.1; 4.97
63.2; 0.0; 20.0; 5.47; 226757.5; 5.34
62.7; 0.0; 20.0; 5.90; 244561.8; 5.77
62.2; 0.0; 20.0; 6.21; 257420.5; 6.21
61.7; 0.0; 20.0; 6.89; 285625.8; 6.77
61.2; 0.0; 20.0; 7.46; 309287.3; 7.33
60.7; 0.0; 20.0; 8.11; 336356.7; 7.96
60.2; 0.0; 20.0; 8.88; 368224.5; 8.71
59.7; 0.0; 20.0; 9.63; 399322.3; 9.43
59.2; 0.0; 20.0; 10.47; 434310.7; 10.27
58.7; 0.0; 20.0; 11.41; 473165.0; 11.27
58.2; 0.0; 20.0; 12.49; 518181.4; 12.40
57.7; 0.0; 20.0; 13.88; 575614.9; 13.63
57.2; 0.0; 20.0; 15.29; 634124.0; 14.99
56.7; 0.0; 20.0; 16.82; 697767.4; 16.49
56.2; 0.0; 20.0; 18.72; 776629.2; 18.29
55.7; 0.0; 20.0; 20.39; 845785.4; 20.02
55.1; 0.0; 20.0; 22.36; 927479.3; 22.15
54.6; 0.0; 20.0; 24.71; 1025057.2; 24.37
54.1; 0.0; 20.0; 27.05; 1121933.5; 26.77
53.7; 0.0; 20.0; 29.47; 1222485.2; 29.04
53.1; 0.0; 20.0; 32.80; 1360619.1; 32.07
52.6; 0.0; 20.0; 35.72; 1481761.9; 35.00
52.1; 0.0; 20.0; 38.83; 1610873.4; 38.00
51.6; 0.0; 20.0; 41.91; 1738507.8; 41.28
51.1; 0.0; 20.0; 45.02; 1867517.6; 44.37
50.6; 0.0; 20.0; 48.41; 2008144.9; 47.82
50.1; 0.0; 20.0; 52.06; 2159415.7; 51.14
49.6; 0.0; 20.0; 55.54; 2303981.4; 54.57
49.1; 0.0; 20.0; 59.24; 2457327.5; 58.14
48.6; 0.0; 20.0; 62.44; 2589903.6; 61.54
48.1; 0.0; 20.0; 65.83; 2730450.7; 64.39
47.6; 0.0; 20.0; 69.48; 2881913.8; 67.77
47.1; 0.0; 20.0; 70.75; 2934782.9; 70.52
46.6; 0.0; 20.0; 74.91; 3107156.9; 73.60
46.1; 0.0; 20.0; 77.68; 3222156.6; 76.27
45.6; 0.0; 20.0; 79.69; 3305690.5; 78.48
45.1; 0.0; 20.0; 82.20; 3409766.1; 80.56
44.6; 0.0; 20.0; 84.50; 3505121.2; 82.56
44.1; 0.0; 20.0; 86.03; 3568511.1; 84.35
43.6; 0.0; 20.0; 87.30; 3621185.2; 85.97
43.1; 0.0; 20.0; 88.19; 3658000.7; 87.64
42.6; 0.0; 20.0; 90.27; 3744624.5; 88.87
42.1; 0.0; 20.0; 91.50; 3795501.7; 90.14
41.6; 0.0; 20.0; 92.52; 3837969.5; 90.77
41.1; 0.0; 20.0; 94.07; 3902128.0; 92.12
40.6; 0.0; 20.0; 94.55; 3922152.5; 92.83
40.1; 0.0; 20.0; 95.83; 3975233.5; 93.78
39.6; 0.0; 20.0; 96.00; 3981920.0; 94.37
39.1; 0.0; 20.0; 95.59; 3965235.2; 94.74
38.5; 0.0; 20.0; 96.98; 4022845.7; 95.35
38.1; 0.0; 20.0; 97.57; 4047123.3; 95.84
37.5; 0.0; 20.0; 98.25; 4075503.4; 96.59
37.0; 0.0; 20.0; 98.47; 4084557.8; 96.99
36.5; 0.0; 20.0; 99.35; 4121095.2; 97.29
36.0; 0.0; 20.0; 99.45; 4125229.2; 97.26
35.5; 0.0; 20.0; 98.02; 4065851.0; 97.25
35.0; 0.0; 20.0; 99.28; 4118066.5; 97.87
34.5; 0.0; 20.0; 99.88; 4143048.7; 98.03
34.0; 0.0; 20.0; 99.49; 4126803.1; 98.17
33.5; 0.0; 20.0; 100.27; 4159395.0; 98.33
33.0; 0.0; 20.0; 100.84; 4182781.0; 98.20
32.5; 0.0; 20.0; 99.43; 4124386.5; 98.59
32.0; 0.0; 20.0; 99.95; 4145866.3; 98.98
31.5; 0.0; 20.0; 101.02; 4190157.4; 98.94
31.0; 0.0; 20.0; 100.08; 4151183.7; 98.93
30.5; 0.0; 20.0; 101.16; 4196359.0; 99.20
30.0; 0.0; 20.0; 101.28; 4201294.5; 99.09
29.5; 0.0; 20.0; 101.40; 4205987.4; 99.19
29.0; 0.0; 20.0; 101.37; 4204857.7; 99.40
28.5; 0.0; 20.0; 101.26; 4200395.8; 99.43
27.9; 0.0; 20.0; 99.43; 4124344.5; 99.16
27.4; 0.0; 20.0; 100.98; 4188790.7; 99.33
26.9; 0.0; 20.0; 101.14; 4195442.6; 99.40
26.4; 0.0; 20.0; 101.79; 4222248.0; 99.48
25.9; 0.0; 20.0; 101.48; 4209315.9; 99.53
25.4; 0.0; 20.0; 101.86; 4225194.9; 99.62
24.9; 0.0; 20.0; 100.87; 4184051.6; 99.71
24.4; 0.0; 20.0; 100.62; 4173917.9; 99.42
23.9; 0.0; 20.0; 100.96; 4187963.9; 99.48
23.4; 0.0; 20.0; 101.24; 4199343.8; 99.81
22.9; 0.0; 20.0; 101.14; 4195453.3; 99.61
22.4; 0.0; 20.0; 101.83; 4223761.8; 99.69
21.9; 0.0; 20.0; 101.93; 4228160.4; 99.88
21.4; 0.0; 20.0; 101.86; 4225003.3; 99.53
20.9; 0.0; 20.0; 101.85; 4224810.7; 99.70
20.4; 0.0; 20.0; 100.55; 4170672.8; 99.89
19.9; 0.0; 20.0; 100.92; 4186250.2; 99.58
19.4; 0.0; 20.0; 101.00; 4189705.2; 99.78
18.9; 0.0; 20.0; 101.80; 4222700.2; 99.69
18.4; 0.0; 20.0; 102.09; 4234909.1; 99.80
17.9; 0.0; 20.0; 102.03; 4232364.7; 99.63
17.4; 0.0; 20.0; 101.51; 4210769.5; 99.67
16.8; 0.0; 20.0; 101.07; 4192407.3; 99.85
16.3; 0.0; 20.0; 100.65; 4174939.2; 99.62
15.8; 0.0; 20.0; 101.55; 4212366.2; 99.74
15.4; 0.0; 20.0; 101.44; 4207838.9; 99.66
14.9; 0.0; 20.0; 101.74; 4220136.4; 99.67
14.4; 0.0; 20.0; 101.91; 4227478.4; 99.58
13.8; 0.0; 20.0; 101.80; 4222524.1; 99.73
13.3; 0.0; 20.0; 101.30; 4202057.3; 99.46
12.8; 0.0; 20.0; 101.11; 4193921.7; 99.55
12.3; 0.0; 20.0; 100.92; 4186372.4; 100.00
11.8; 0.0; 20.0; 101.21; 4198156.9; 99.76
11.3; 0.0; 20.0; 101.59; 4213915.2; 99.86
10.8; 0.0; 20.0; 101.67; 4217518.6; 99.47
10.3; 0.0; 20.0; 101.62; 4215073.4; 99.56
9.8; 0.0; 20.0; 101.42; 4206856.0; 99.41
9.3; 0.0; 20.0; 100.58; 4172142.5; 99.66
8.8; 0.0; 20.0; 100.93; 4186478.8; 99.75
8.3; 0.0; 20.0; 101.53; 4211391.3; 99.62
7.8; 0.0; 20.0; 101.45; 4208180.9; 99.28
7.3; 0.0; 20.0; 101.58; 4213560.4; 99.43
6.8; 0.0; 20.0; 101.27; 4200798.2; 99.51
6.3; 0.0; 20.0; 101.40; 4205990.0; 99.61
5.8; 0.0; 20.0; 100.75; 4179136.2; 99.54
5.3; 0.0; 20.0; 100.45; 4166682.1; 99.60
4.8; 0.0; 20.0; 101.53; 4211415.4; 99.41
4.3; 0.0; 20.0; 101.79; 4222241.5; 99.52
3.8; 0.0; 20.0; 101.63; 4215499.1; 99.61
3.2; 0.0; 20.0; 100.80; 4181363.9; 99.63
2.8; 0.0; 20.0; 101.44; 4207767.5; 99.71
2.2; 0.0; 20.0; 100.63; 4174200.2; 99.61
1.7; 0.0; 20.0; 101.23; 4199187.4; 99.48
1.2; 0.0; 20.0; 101.22; 4198608.4; 99.58
0.7; 0.0; 20.0; 101.28; 4200999.3; 99.50
0.2; 0.0; 20.0; 101.60; 4214512.5; 99.37
-0.3; 0.0; 20.0; 102.05; 4232925.4; 99.30
-0.8; 0.0; 20.0; 100.82; 4181980.8; 99.59
-1.3; 0.0; 20.0; 101.37; 4204942.1; 99.45
-1.8; 0.0; 20.0; 100.37; 4163545.0; 99.57
-2.3; 0.0; 20.0; 101.28; 4201263.7; 99.52
-2.8; 0.0; 20.0; 101.39; 4205685.3; 99.31
-3.3; 0.0; 20.0; 101.84; 4224281.2; 99.63
-3.8; 0.0; 20.0; 101.59; 4214147.5; 99.29
-4.3; 0.0; 20.0; 101.14; 4195189.1; 99.53
-4.8; 0.0; 20.0; 101.04; 4191377.5; 99.36
-5.3; 0.0; 20.0; 99.72; 4136329.0; 99.45
-5.8; 0.0; 20.0; 101.40; 4206127.0; 99.55
-6.3; 0.0; 20.0; 101.62; 4215063.0; 99.31
-6.8; 0.0; 20.0; 102.03; 4232201.4; 99.45
-7.4; 0.0; 20.0; 101.32; 4202947.8; 99.60
-7.9; 0.0; 20.0; 101.25; 4199812.3; 99.43
-8.3; 0.0; 20.0; 100.20; 4156212.2; 99.31
-8.8; 0.0; 20.0; 101.08; 4192802.0; 99.47
-9.3; 0.0; 20.0; 101.27; 4200522.6; 99.51
-9.9; 0.0; 20.0; 101.45; 4208084.5; 99.76
-10.4; 0.0; 20.0; 101.41; 4206691.0; 99.57
-10.9; 0.0; 20.0; 101.46; 4208691.8; 99.38
-11.4; 0.0; 20.0; 102.11; 4235552.7; 99.46
-11.9; 0.0; 20.0; 99.71; 4136189.0; 99.34
-12.4; 0.0; 20.0; 101.24; 4199647.6; 99.59
-12.9; 0.0; 20.0; 101.14; 4195240.3; 99.47
-13.4; 0.0; 20.0; 101.64; 4216024.9; 99.77
-13.9; 0.0; 20.0; 101.54; 4212004.2; 99.57
-14.4; 0.0; 20.0; 101.78; 4221678.5; 99.42
-14.9; 0.0; 20.0; 101.62; 4215367.8; 99.24
-15.4; 0.0; 20.0; 99.86; 4142130.6; 99.33
-15.9; 0.0; 20.0; 101.04; 4190992.8; 99.48
-16.4; 0.0; 20.0; 100.81; 4181743.2; 99.61
-16.9; 0.0; 20.0; 101.65; 4216534.3; 99.51
-17.4; 0.0; 20.0; 102.12; 4236168.3; 99.81
-17.9; 0.0; 20.0; 101.48; 4209295.6; 99.24
-18.4; 0.0; 20.0; 100.98; 4188676.1; 99.55
-19.0; 0.0; 20.0; 101.16; 4196135.6; 99.63
-19.5; 0.0; 20.0; 100.87; 4183973.5; 99.73
-20.0; 0.0; 20.0; 101.13; 4194998.1; 99.54
-20.4; 0.0; 20.0; 101.47; 4208884.8; 99.72
-20.9; 0.0; 20.0; 101.83; 4224050.4; 99.79
-21.4; 0.0; 20.0; 101.90; 4227054.5; 99.55
-22.0; 0.0; 20.0; 101.36; 4204389.1; 99.32
-22.5; 0.0; 20.0; 101.50; 4210184.5; 99.58
-23.0; 0.0; 20.0; 101.45; 4208011.0; 99.48
-23.5; 0.0; 20.0; 100.28; 4159478.0; 99.14
-24.0; 0.0; 20.0; 100.44; 4166175.5; 99.20
-24.5; 0.0; 20.0; 101.16; 4196117.9; 99.62
-25.0; 0.0; 20.0; 101.87; 4225497.9; 99.67
-25.5; 0.0; 20.0; 101.84; 4224284.9; 99.28
-26.0; 0.0; 20.0; 101.41; 4206673.6; 99.46
-26.5; 0.0; 20.0; 101.00; 4189492.0; 99.43
-27.0; 0.0; 20.0; 100.17; 4155063.0; 99.49
-27.5; 0.0; 20.0; 100.69; 4176748.1; 99.24
-28.0; 0.0; 20.0; 101.27; 4200719.3; 99.09
-28.5; 0.0; 20.0; 101.03; 4190825.8; 99.09
-29.1; 0.0; 20.0; 101.24; 4199554.6; 99.12
-29.6; 0.0; 20.0; 101.03; 4190754.5; 99.14
-30.1; 0.0; 20.0; 99.52; 4127989.4; 98.90
-30.5; 0.0; 20.0; 100.60; 4173047.6; 98.82
-31.1; 0.0; 20.0; 100.38; 4163975.2; 98.75
-31.6; 0.0; 20.0; 100.73; 4178237.5; 98.71
-32.1; 0.0; 20.0; 100.40; 4164823.7; 98.90
-32.6; 0.0; 20.0; 101.05; 4191397.3; 98.81
-33.1; 0.0; 20.0; 100.39; 4164138.7; 98.48
-33.6; 0.0; 20.0; 100.37; 4163387.5; 98.28
-34.1; 0.0; 20.0; 98.56; 4088266.0; 97.92
-34.6; 0.0; 20.0; 99.59; 4130868.9; 97.79
-35.1; 0.0; 20.0; 99.48; 4126591.1; 97.91
-35.6; 0.0; 20.0; 99.67; 4134555.4; 97.72
-36.1; 0.0; 20.0; 99.96; 4146193.2; 97.57
-36.6; 0.0; 20.0; 99.68; 4134894.6; 97.43
-37.1; 0.0; 20.0; 98.54; 4087560.0; 96.71
-37.6; 0.0; 20.0; 97.20; 4031881.7; 96.64
-38.1; 0.0; 20.0; 97.88; 4059938.7; 96.31
-38.6; 0.0; 20.0; 97.43; 4041576.7; 96.02
-39.1; 0.0; 20.0; 97.58; 4047462.2; 95.64
-39.6; 0.0; 20.0; 97.59; 4047893.3; 95.25
-40.2; 0.0; 20.0; 96.83; 4016347.3; 94.64
-40.7; 0.0; 20.0; 95.87; 3976581.8; 93.99
-41.2; 0.0; 20.0; 94.06; 3901487.5; 93.59
-41.6; 0.0; 20.0; 94.42; 3916672.6; 93.10
-42.2; 0.0; 20.0; 93.95; 3897109.7; 92.25
-42.7; 0.0; 20.0; 92.80; 3849512.1; 91.18
-43.2; 0.0; 20.0; 91.76; 3806210.1; 90.15
-43.7; 0.0; 20.0; 90.59; 3757697.0; 89.09
-44.2; 0.0; 20.0; 89.41; 3708806.4; 88.02
-44.7; 0.0; 20.0; 88.29; 3662510.2; 86.51
-45.2; 0.0; 20.0; 86.77; 3599399.2; 85.07
-45.7; 0.0; 20.0; 85.40; 3542381.8; 83.43
-46.2; 0.0; 20.0; 83.35; 3457448.1; 81.65
-46.7; 0.0; 20.0; 80.79; 3351175.5; 79.88
-47.2; 0.0; 20.0; 78.35; 3250030.3; 77.35
-47.7; 0.0; 20.0; 76.28; 3164264.5; 75.15
-48.2; 0.0; 20.0; 73.88; 3064487.7; 72.54
-48.7; 0.0; 20.0; 71.50; 2965843.0; 69.85
-49.2; 0.0; 20.0; 67.74; 2809875.2; 66.57
-49.7; 0.0; 20.0; 64.82; 2688926.6; 63.71
-50.2; 0.0; 20.0; 61.44; 2548484.1; 60.51
-50.7; 0.0; 20.0; 57.95; 2403756.5; 57.43
-51.2; 0.0; 20.0; 55.06; 2283814.3; 54.24
-51.7; 0.0; 20.0; 51.61; 2140931.4; 50.78
-52.2; 0.0; 20.0; 48.26; 2001875.4; 47.39
-52.8; 0.0; 20.0; 44.82; 1858992.6; 43.97
-53.3; 0.0; 20.0; 41.44; 1719071.4; 40.57
-53.7; 0.0; 20.0; 38.36; 1591212.2; 37.55
-54.2; 0.0; 20.0; 35.05; 1453877.9; 34.64
-54.8; 0.0; 20.0; 32.13; 1332809.0; 31.68
-55.3; 0.0; 20.0; 29.43; 1220912.8; 28.93
-55.8; 0.0; 20.0; 26.76; 1109936.2; 26.26
-56.3; 0.0; 20.0; 24.44; 1013646.7; 23.95
-56.8; 0.0; 20.0; 22.33; 926461.1; 21.75
-57.3; 0.0; 20.0; 20.01; 830134.6; 19.70
-57.8; 0.0; 20.0; 18.11; 751330.6; 17.94
-58.3; 0.0; 20.0; 16.48; 683580.5; 16.22
-58.8; 0.0; 20.0; 14.94; 619840.2; 14.68
-59.3; 0.0; 20.0; 13.66; 566471.2; 13.36
-59.8; 0.0; 20.0; 12.30; 510136.5; 12.04
-60.3; 0.0; 20.0; 11.37; 471521.1; 11.12
-60.8; 0.0; 20.0; 10.35; 429262.9; 10.14
-61.3; 0.0; 20.0; 9.29; 385407.6; 9.26
-61.9; 0.0; 20.0; 8.59; 356334.9; 8.44
-62.3; 0.0; 20.0; 7.81; 323814.4; 7.67
-62.8; 0.0; 20.0; 7.23; 299958.3; 7.10
-63.3; 0.0; 20.0; 6.67; 276784.2; 6.51
-63.9; 0.0; 20.0; 6.09; 252516.7; 5.96
-64.4; 0.0; 20.0; 5.63; 233603.5; 5.56
-64.9; 0.0; 20.0; 5.22; 216666.0; 5.12
-65.4; 0.0; 20.0; 4.82; 200013.1; 4.76
-65.9; 0.0; 20.0; 4.46; 184992.8; 4.41
-66.4; 0.0; 20.0; 4.23; 175558.9; 4.15
-66.9; 0.0; 20.0; 3.89; 161544.9; 3.81
-67.4; 0.0; 20.0; 3.66; 151763.5; 3.58
-67.9; 0.0; 20.0; 3.49; 144847.5; 3.41
-68.4; 0.0; 20.0; 3.23; 134102.1; 3.16
-68.9; 0.0; 20.0; 2.97; 123344.8; 2.97
-69.4; 0.0; 20.0; 2.79; 115831.6; 2.75
-69.9; 0.0; 20.0; 2.62; 108860.7; 2.57
-70.4; 0.0; 20.0; 2.53; 104912.5; 2.47
-70.9; 0.0; 20.0; 2.35; 97622.8; 2.31
-71.4; 0.0; 20.0; 2.21; 91529.9; 2.17
-71.9; 0.0; 20.0; 2.10; 87198.9; 2.05
-72.4; 0.0; 20.0; 1.95; 80976.5; 1.93
-72.9; 0.0; 20.0; 1.91; 79074.8; 1.88
-73.4; 0.0; 20.0; 1.77; 73462.9; 1.75
-73.9; 0.0; 20.0; 1.73; 71561.8; 1.69
-74.4; 0.0; 20.0; 1.63; 67701.9; 1.60
-74.9; 0.0; 20.0; 1.58; 65649.2; 1.55
-75.4; 0.0; 20.0; 1.51; 62454.2; 1.47
-75.9; 0.0; 20.0; 1.41; 58354.5; 1.38
-76.4; 0.0; 20.0; 1.33; 55108.8; 1.31
-77.0; 0.0; 20.0; 1.31; 54256.4; 1.28
-77.4; 0.0; 20.0; 1.25; 52057.2; 1.24
-77.9; 0.0; 20.0; 1.20; 49658.5; 1.18
-78.4; 0.0; 20.0; 1.17; 48649.7; 1.15
-79.0; 0.0; 20.0; 1.12; 46663.7; 1.10
-79.5; 0.0; 20.0; 1.09; 45413.7; 1.07
-80.0; 0.0; 20.0; 1.05; 43665.7; 1.03
-80.5; 0.0; 20.0; 1.01; 42049.9; 1.01
-81.0; 0.0; 20.0; 1.01; 41780.9; 0.99
-81.4; 0.0; 20.0; 1.01; 41971.6; 0.99
-82.0; 0.0; 20.0; 0.95; 39402.0; 0.93
-82.5; 0.0; 20.0; 0.95; 39405.7; 0.93
-83.0; 0.0; 20.0; 0.96; 39921.0; 0.95
-83.5; 0.0; 20.0; 0.91; 37878.9; 0.89
-84.0; 0.0; 20.0; 0.89; 37113.4; 0.89
-84.5; 0.0; 20.0; 0.88; 36633.1; 0.87
-85.0; 0.0; 20.0; 0.86; 35752.9; 0.85
-85.5; 0.0; 20.0; 0.88; 36598.3; 0.87
-86.0; 0.0; 20.0; 0.86; 35756.4; 0.85
-86.5; 0.0; 20.0; 0.84; 34729.5; 0.82
-87.0; 0.0; 20.0; 0.85; 35122.9; 0.83
-87.5; 0.0; 20.0; 0.83; 34326.6; 0.81
-88.0; 0.0; 20.0; 0.80; 33258.1; 0.79
-88.5; 0.0; 20.0; 0.84; 34825.9; 0.82
-89.1; 0.0; 20.0; 0.82; 33901.9; 0.80
-89.5; 0.0; 20.0; 0.79; 32750.8; 0.77
-90.0; 0.0; 20.0; 0.78; 32215.9; 0.77
-90.6; 0.0; 20.0; 0.75; 31145.0; 0.74
-91.1; 0.0; 20.0; 0.74; 30518.0; 0.73
-91.6; 0.0; 20.0; 0.76; 31628.5; 0.75
-92.1; 0.0; 20.0; 0.72; 29777.3; 0.71
-92.6; 0.0; 20.0; 0.71; 29438.4; 0.69
-93.1; 0.0; 20.0; 0.71; 29286.8; 0.69
-93.6; 0.0; 20.0; 0.70; 28979.7; 0.68
-94.1; 0.0; 20.0; 0.70; 28862.1; 0.68
-94.6; 0.0; 20.0; 0.66; 27359.4; 0.65
-95.1; 0.0; 20.0; 0.66; 27396.9; 0.65
-95.6; 0.0; 20.0; 0.67; 27841.0; 0.66
-96.1; 0.0; 20.0; 0.64; 26713.6; 0.63
-96.6; 0.0; 20.0; 0.63; 26240.7; 0.62
-97.1; 0.0; 20.0; 0.64; 26545.9; 0.63
-97.6; 0.0; 20.0; 0.63; 25941.9; 0.61
-98.1; 0.0; 20.0; 0.61; 25363.5; 0.60
-98.6; 0.0; 20.0; 0.61; 25253.6; 0.60
-99.1; 0.0; 20.0; 0.59; 24668.8; 0.58
-99.6; 0.0; 20.0; 0.62; 25892.4; 0.61
-100.2; 0.0; 20.0; 0.59; 24506.8; 0.58
-100.7; 0.0; 20.0; 0.60; 24787.8; 0.59
-101.2; 0.0; 20.0; 0.59; 24633.7; 0.58
-101.6; 0.0; 20.0; 0.57; 23598.2; 0.55
-102.1; 0.0; 20.0; 0.56; 23177.0; 0.56
-102.7; 0.0; 20.0; 0.56; 23163.9; 0.55
-103.2; 0.0; 20.0; 0.55; 22976.1; 0.54
-103.7; 0.0; 20.0; 0.53; 22161.7; 0.52
-104.2; 0.0; 20.0; 0.58; 23944.1; 0.56
-104.7; 0.0; 20.0; 0.54; 22325.3; 0.53
-105.2; 0.0; 20.0; 0.54; 22278.8; 0.53
-105.7; 0.0; 20.0; 0.51; 21301.2; 0.51
-106.2; 0.0; 20.0; 0.53; 21814.4; 0.52
-106.7; 0.0; 20.0; 0.52; 21465.5; 0.51
-107.2; 0.0; 20.0; 0.54; 22252.4; 0.53
-107.7; 0.0; 20.0; 0.51; 21203.0; 0.50
-108.2; 0.0; 20.0; 0.49; 20511.1; 0.48
-108.7; 0.0; 20.0; 0.50; 20631.4; 0.49
-109.2; 0.0; 20.0; 0.49; 20395.5; 0.49
-109.7; 0.0; 20.0; 0.50; 20731.8; 0.49
-110.2; 0.0; 20.0; 0.48; 19919.3; 0.47
-110.7; 0.0; 20.0; 0.47; 19680.0; 0.47
-111.2; 0.0; 20.0; 0.47; 19540.4; 0.46
-111.7; 0.0; 20.0; 0.47; 19464.0; 0.46
-112.3; 0.0; 20.0; 0.48; 19804.9; 0.47
-112.8; 0.0; 20.0; 0.49; 20250.7; 0.48
-113.3; 0.0; 20.0; 0.46; 19219.4; 0.45
-113.8; 0.0; 20.0; 0.46; 19267.7; 0.46
-114.2; 0.0; 20.0; 0.45; 18681.1; 0.44
-114.8; 0.0; 20.0; 0.45; 18566.4; 0.44
-115.3; 0.0; 20.0; 0.45; 18742.3; 0.44
-115.8; 0.0; 20.0; 0.44; 18349.4; 0.43
-116.3; 0.0; 20.0; 0.43; 17962.9; 0.42
-116.8; 0.0; 20.0; 0.44; 18098.0; 0.43
-117.3; 0.0; 20.0; 0.41; 17169.9; 0.41
-117.8; 0.0; 20.0; 0.43; 17658.9; 0.42
-118.3; 0.0; 20.0; 0.43; 17712.5; 0.42
-118.8; 0.0; 20.0; 0.44; 18048.2; 0.43
-119.3; 0.0; 20.0; 0.42; 17440.1; 0.41
-119.8; 0.0; 20.0; 0.41; 16856.3; 0.40
-120.3; 0.0; 20.0; 0.41; 16807.3; 0.40
-120.8; 0.0; 20.0; 0.40; 16704.1; 0.40
-121.3; 0.0; 20.0; 0.41; 16799.6; 0.40
-121.9; 0.0; 20.0; 0.38; 15841.6; 0.37
-122.4; 0.0; 20.0; 0.39; 16119.0; 0.38
-122.8; 0.0; 20.0; 0.38; 15919.7; 0.37
-123.3; 0.0; 20.0; 0.37; 15435.7; 0.37
-123.9; 0.0; 20.0; 0.39; 16311.1; 0.39
-124.4; 0.0; 20.0; 0.41; 16874.3; 0.40
-124.9; 0.0; 20.0; 0.36; 14995.4; 0.36
-125.4; 0.0; 20.0; 0.37; 15506.6; 0.37
-125.9; 0.0; 20.0; 0.39; 16198.5; 0.38
-126.4; 0.0; 20.0; 0.38; 15746.9; 0.37
-126.9; 0.0; 20.0; 0.37; 15540.9; 0.37
-127.4; 0.0; 20.0; 0.38; 15903.5; 0.38
-127.9; 0.0; 20.0; 0.38; 15727.0; 0.38
-128.4; 0.0; 20.0; 0.37; 15193.5; 0.36
-128.9; 0.0; 20.0; 0.36; 14852.8; 0.35
-129.4; 0.0; 20.0; 0.36; 15101.5; 0.36
-129.9; 0.0; 20.0; 0.37; 15283.5; 0.36
-130.4; 0.0; 20.0; 0.36; 14964.7; 0.35
-131.0; 0.0; 20.0; 0.34; 14162.9; 0.34
-131.4; 0.0; 20.0; 0.34; 14120.4; 0.33
-131.9; 0.0; 20.0; 0.34; 14297.1; 0.34
-132.4; 0.0; 20.0; 0.33; 13893.0; 0.33
-132.9; 0.0; 20.0; 0.34; 13929.3; 0.33
-133.4; 0.0; 20.0; 0.36; 14977.1; 0.35
-134.0; 0.0; 20.0; 0.34; 14295.8; 0.34
-134.4; 0.0; 20.0; 0.35; 14356.4; 0.34
-135.0; 0.0; 20.0; 0.33; 13676.3; 0.32
-135.5; 0.0; 20.0; 0.35; 14314.9; 0.34
-136.0; 0.0; 20.0; 0.35; 14376.5; 0.34
-136.5; 0.0; 20.0; 0.34; 13992.0; 0.33
-137.0; 0.0; 20.0; 0.34; 14200.8; 0.34
-137.5; 0.0; 20.0; 0.35; 14667.8; 0.35
-138.0; 0.0; 20.0; 0.34; 14177.9; 0.34
-138.5; 0.0; 20.0; 0.35; 14457.5; 0.35
-139.0; 0.0; 20.0; 0.35; 14408.7; 0.34
-139.5; 0.0; 20.0; 0.34; 14205.3; 0.34
-140.0; 0.0; 20.0; 0.34; 14043.6; 0.33
-140.5; 0.0; 20.0; 0.33; 13555.9; 0.32
-141.0; 0.0; 20.0; 0.34; 14048.5; 0.33
-141.5; 0.0; 20.0; 0.35; 14396.8; 0.34
-142.0; 0.0; 20.0; 0.36; 15024.8; 0.36
-142.6; 0.0; 20.0; 0.33; 13832.1; 0.33
-143.0; 0.0; 20.0; 0.34; 14004.0; 0.33
-143.5; 0.0; 20.0; 0.35; 14539.8; 0.34
-144.0; 0.0; 20.0; 0.35; 14433.7; 0.34
-144.5; 0.0; 20.0; 0.36; 14769.5; 0.35
-145.1; 0.0; 20.0; 0.35; 14698.4; 0.35
-145.6; 0.0; 20.0; 0.36; 14962.0; 0.35
-146.1; 0.0; 20.0; 0.36; 14761.6; 0.35
-146.6; 0.0; 20.0; 0.35; 14533.8; 0.35
-147.1; 0.0; 20.0; 0.36; 15039.0; 0.35
-147.6; 0.0; 20.0; 0.35; 14458.6; 0.34
-148.1; 0.0; 20.0; 0.36; 14830.4; 0.35
-148.6; 0.0; 20.0; 0.37; 15241.4; 0.36
-149.1; 0.0; 20.0; 0.36; 15010.6; 0.35
-149.6; 0.0; 20.0; 0.37; 15341.9; 0.37
-150.1; 0.0; 20.0; 0.36; 14878.8; 0.35
-150.6; 0.0; 20.0; 0.38; 15583.1; 0.37
-151.1; 0.0; 20.0; 0.37; 15285.1; 0.36
-151.6; 0.0; 20.0; 0.37; 15532.7; 0.37
-152.1; 0.0; 20.0; 0.38; 15627.9; 0.37
-152.6; 0.0; 20.0; 0.39; 16093.4; 0.38
-153.1; 0.0; 20.0; 0.36; 15049.8; 0.36
-153.6; 0.0; 20.0; 0.38; 15568.0; 0.37
-154.1; 0.0; 20.0; 0.39; 16080.5; 0.38
-154.7; 0.0; 20.0; 0.39; 16038.2; 0.38
-155.2; 0.0; 20.0; 0.37; 15409.7; 0.36
-155.7; 0.0; 20.0; 0.39; 16149.1; 0.38
-156.2; 0.0; 20.0; 0.36; 15104.8; 0.36
-156.7; 0.0; 20.0; 0.38; 15919.7; 0.38
-157.2; 0.0; 20.0; 0.38; 15832.2; 0.38
-157.7; 0.0; 20.0; 0.37; 15284.2; 0.36
-158.2; 0.0; 20.0; 0.37; 15474.9; 0.37
-158.7; 0.0; 20.0; 0.38; 15727.0; 0.37
-159.2; 0.0; 20.0; 0.39; 16174.3; 0.38
-159.7; 0.0; 20.0; 0.36; 15058.0; 0.36
-160.2; 0.0; 20.0; 0.36; 15058.3; 0.36
-160.8; 0.0; 20.0; 0.40; 16702.4; 0.39
-161.3; 0.0; 20.0; 0.38; 15724.0; 0.37
-161.7; 0.0; 20.0; 0.38; 15961.1; 0.38
-162.2; 0.0; 20.0; 0.38; 15649.8; 0.37
-162.7; 0.0; 20.0; 0.37; 15403.8; 0.36
-163.3; 0.0; 20.0; 0.37; 15161.8; 0.36
-163.8; 0.0; 20.0; 0.38; 15876.8; 0.38
-164.3; 0.0; 20.0; 0.39; 16285.7; 0.39
-164.8; 0.0; 20.0; 0.39; 16130.1; 0.38
-165.3; 0.0; 20.0; 0.39; 16020.8; 0.38
-165.8; 0.0; 20.0; 0.37; 15282.3; 0.36
-166.3; 0.0; 20.0; 0.38; 15713.6; 0.37
-166.8; 0.0; 20.0; 0.37; 15267.0; 0.36
-167.3; 0.0; 20.0; 0.37; 15493.1; 0.37
-167.8; 0.0; 20.0; 0.36; 15000.9; 0.36
-168.3; 0.0; 20.0; 0.36; 15132.6; 0.36
-168.8; 0.0; 20.0; 0.37; 15461.4; 0.37
-169.3; 0.0; 20.0; 0.38; 15675.6; 0.37
-169.8; 0.0; 20.0; 0.36; 15121.6; 0.36
-170.3; 0.0; 20.0; 0.36; 14897.1; 0.35
-170.8; 0.0; 20.0; 0.38; 15793.2; 0.37
-171.3; 0.0; 20.0; 0.35; 14564.1; 0.34
-171.8; 0.0; 20.0; 0.34; 14308.4; 0.34
-172.3; 0.0; 20.0; 0.36; 15000.6; 0.36
-172.9; 0.0; 20.0; 0.35; 14486.2; 0.34
-173.4; 0.0; 20.0; 0.36; 14904.2; 0.35
-173.9; 0.0; 20.0; 0.37; 15369.4; 0.36
-174.3; 0.0; 20.0; 0.34; 14065.2; 0.33
-174.8; 0.0; 20.0; 0.36; 15049.8; 0.35
-175.4; 0.0; 20.0; 0.34; 14290.1; 0.34
-175.9; 0.0; 20.0; 0.35; 14697.3; 0.35
-176.4; 0.0; 20.0; 0.35; 14467.5; 0.34
-176.9; 0.0; 20.0; 0.34; 14222.6; 0.34
-177.4; 0.0; 20.0; 0.35; 14559.2; 0.35
-177.9; 0.0; 20.0; 0.35; 14590.8; 0.35
-178.5; 0.0; 20.0; 0.34; 14265.7; 0.34


