Measurement time:; 2020-12-09 2:57:59 PM
Radiation device:; Varian TrueBeam Accelerator
Energy:; 15 MeV 
Controller:; CCU
Measurement device:; SMARTSCAN (48*48*41)
Field detector:; EFD3G Diode
Reference detector:; CC 13
SAD:; 1000 mm
SSD:; 1000 mm
Field size:; 40 x 40 mm
Gantry angle:; 0
Measurement medium:; Water
Scan type:; Inline
Scan mode:; Continuous
Wedge:; none

Points [mm]:
Inline; Crossline; Depth; Normalized field; Current field; Ratio
153.0; 0.0; 20.0; 0.59; 24136.3; 0.60
152.5; 0.0; 20.0; 0.61; 24789.6; 0.60
151.6; 0.0; 20.0; 0.59; 24110.0; 0.58
151.1; 0.0; 20.0; 0.58; 23714.7; 0.58
150.6; 0.0; 20.0; 0.60; 24392.2; 0.59
150.1; 0.0; 20.0; 0.62; 25463.4; 0.62
149.7; 0.0; 20.0; 0.60; 24663.5; 0.59
149.2; 0.0; 20.0; 0.58; 23629.3; 0.58
148.7; 0.0; 20.0; 0.61; 24824.2; 0.60
148.2; 0.0; 20.0; 0.59; 24245.5; 0.59
147.7; 0.0; 20.0; 0.59; 24009.2; 0.58
147.2; 0.0; 20.0; 0.61; 24992.1; 0.60
146.6; 0.0; 20.0; 0.60; 24428.7; 0.60
146.1; 0.0; 20.0; 0.59; 24304.9; 0.59
145.6; 0.0; 20.0; 0.62; 25233.4; 0.61
145.1; 0.0; 20.0; 0.61; 24887.1; 0.61
144.7; 0.0; 20.0; 0.61; 25035.4; 0.61
144.1; 0.0; 20.0; 0.59; 24271.1; 0.59
143.6; 0.0; 20.0; 0.60; 24691.3; 0.60
143.1; 0.0; 20.0; 0.62; 25467.8; 0.61
142.6; 0.0; 20.0; 0.63; 25783.9; 0.62
142.1; 0.0; 20.0; 0.60; 24687.6; 0.61
141.6; 0.0; 20.0; 0.61; 24966.4; 0.60
141.1; 0.0; 20.0; 0.63; 25722.4; 0.62
140.6; 0.0; 20.0; 0.61; 24776.7; 0.61
140.1; 0.0; 20.0; 0.62; 25145.1; 0.60
139.6; 0.0; 20.0; 0.63; 25745.1; 0.62
139.1; 0.0; 20.0; 0.62; 25387.2; 0.62
138.6; 0.0; 20.0; 0.61; 25018.7; 0.60
138.0; 0.0; 20.0; 0.62; 25223.2; 0.61
137.5; 0.0; 20.0; 0.60; 24682.9; 0.60
137.1; 0.0; 20.0; 0.64; 26321.1; 0.64
136.6; 0.0; 20.0; 0.64; 26083.3; 0.63
136.1; 0.0; 20.0; 0.63; 25750.0; 0.63
135.6; 0.0; 20.0; 0.63; 25585.3; 0.62
135.0; 0.0; 20.0; 0.64; 25965.6; 0.63
134.5; 0.0; 20.0; 0.62; 25241.3; 0.61
134.0; 0.0; 20.0; 0.64; 26000.1; 0.63
133.5; 0.0; 20.0; 0.64; 26037.8; 0.63
133.0; 0.0; 20.0; 0.61; 24929.1; 0.61
132.5; 0.0; 20.0; 0.64; 26119.9; 0.63
132.0; 0.0; 20.0; 0.64; 25991.8; 0.63
131.5; 0.0; 20.0; 0.62; 25383.1; 0.62
131.0; 0.0; 20.0; 0.65; 26392.4; 0.63
130.5; 0.0; 20.0; 0.65; 26707.6; 0.65
130.0; 0.0; 20.0; 0.65; 26774.4; 0.65
129.5; 0.0; 20.0; 0.66; 27081.3; 0.65
129.0; 0.0; 20.0; 0.63; 25938.9; 0.63
128.5; 0.0; 20.0; 0.65; 26775.0; 0.65
128.0; 0.0; 20.0; 0.65; 26754.7; 0.64
127.5; 0.0; 20.0; 0.64; 25962.1; 0.64
127.0; 0.0; 20.0; 0.66; 26816.0; 0.65
126.5; 0.0; 20.0; 0.69; 28053.7; 0.67
126.0; 0.0; 20.0; 0.65; 26646.7; 0.65
125.5; 0.0; 20.0; 0.66; 26971.2; 0.65
125.0; 0.0; 20.0; 0.66; 27044.1; 0.65
124.5; 0.0; 20.0; 0.65; 26585.8; 0.65
124.0; 0.0; 20.0; 0.68; 27671.9; 0.66
123.5; 0.0; 20.0; 0.69; 28230.6; 0.68
123.0; 0.0; 20.0; 0.68; 27778.8; 0.68
122.5; 0.0; 20.0; 0.68; 27897.9; 0.67
121.9; 0.0; 20.0; 0.65; 26721.5; 0.65
121.4; 0.0; 20.0; 0.66; 27080.8; 0.66
120.9; 0.0; 20.0; 0.69; 28225.8; 0.68
120.5; 0.0; 20.0; 0.68; 27859.2; 0.68
119.9; 0.0; 20.0; 0.72; 29550.3; 0.71
119.4; 0.0; 20.0; 0.69; 28089.0; 0.68
118.9; 0.0; 20.0; 0.66; 27122.1; 0.67
118.4; 0.0; 20.0; 0.74; 30054.7; 0.72
117.9; 0.0; 20.0; 0.71; 29112.6; 0.70
117.4; 0.0; 20.0; 0.72; 29594.4; 0.73
116.9; 0.0; 20.0; 0.71; 29010.7; 0.70
116.4; 0.0; 20.0; 0.71; 28989.8; 0.70
115.9; 0.0; 20.0; 0.72; 29435.0; 0.72
115.4; 0.0; 20.0; 0.73; 30042.0; 0.72
114.9; 0.0; 20.0; 0.74; 30104.1; 0.73
114.4; 0.0; 20.0; 0.74; 30065.3; 0.73
113.9; 0.0; 20.0; 0.72; 29631.3; 0.72
113.4; 0.0; 20.0; 0.74; 30190.0; 0.72
112.9; 0.0; 20.0; 0.72; 29329.2; 0.72
112.4; 0.0; 20.0; 0.75; 30824.1; 0.74
111.9; 0.0; 20.0; 0.74; 30444.3; 0.73
111.4; 0.0; 20.0; 0.76; 30893.5; 0.76
110.9; 0.0; 20.0; 0.76; 30925.0; 0.74
110.4; 0.0; 20.0; 0.74; 30326.2; 0.74
109.8; 0.0; 20.0; 0.78; 31937.8; 0.78
109.3; 0.0; 20.0; 0.78; 31960.9; 0.77
108.8; 0.0; 20.0; 0.79; 32279.3; 0.78
108.3; 0.0; 20.0; 0.77; 31656.3; 0.78
107.8; 0.0; 20.0; 0.79; 32265.1; 0.78
107.3; 0.0; 20.0; 0.80; 32835.7; 0.79
106.8; 0.0; 20.0; 0.79; 32182.8; 0.78
106.3; 0.0; 20.0; 0.80; 32876.4; 0.79
105.8; 0.0; 20.0; 0.84; 34233.5; 0.83
105.3; 0.0; 20.0; 0.81; 33286.1; 0.81
104.8; 0.0; 20.0; 0.81; 32991.1; 0.80
104.3; 0.0; 20.0; 0.85; 34797.6; 0.84
103.8; 0.0; 20.0; 0.81; 33216.5; 0.81
103.3; 0.0; 20.0; 0.83; 33753.7; 0.82
102.8; 0.0; 20.0; 0.85; 34885.0; 0.84
102.3; 0.0; 20.0; 0.84; 34206.7; 0.84
101.8; 0.0; 20.0; 0.87; 35459.1; 0.86
101.2; 0.0; 20.0; 0.88; 36045.8; 0.86
100.7; 0.0; 20.0; 0.88; 35950.0; 0.88
100.2; 0.0; 20.0; 0.91; 37098.4; 0.90
99.7; 0.0; 20.0; 0.92; 37464.6; 0.90
99.2; 0.0; 20.0; 0.91; 37268.5; 0.92
98.7; 0.0; 20.0; 0.93; 37836.3; 0.91
98.2; 0.0; 20.0; 0.93; 37858.0; 0.92
97.7; 0.0; 20.0; 0.94; 38256.9; 0.93
97.2; 0.0; 20.0; 0.92; 37483.3; 0.90
96.7; 0.0; 20.0; 0.96; 39160.4; 0.96
96.2; 0.0; 20.0; 0.97; 39529.5; 0.96
95.7; 0.0; 20.0; 1.01; 41411.3; 0.99
95.2; 0.0; 20.0; 0.99; 40342.2; 0.98
94.7; 0.0; 20.0; 0.98; 40032.5; 0.97
94.2; 0.0; 20.0; 1.01; 41163.9; 0.99
93.7; 0.0; 20.0; 1.01; 41180.3; 1.01
93.2; 0.0; 20.0; 1.03; 42259.7; 1.02
92.7; 0.0; 20.0; 1.04; 42567.2; 1.02
92.1; 0.0; 20.0; 1.04; 42673.6; 1.04
91.6; 0.0; 20.0; 1.04; 42643.5; 1.04
91.1; 0.0; 20.0; 1.08; 44146.4; 1.06
90.6; 0.0; 20.0; 1.11; 45379.1; 1.10
90.1; 0.0; 20.0; 1.15; 46916.1; 1.14
89.6; 0.0; 20.0; 1.16; 47427.3; 1.13
89.1; 0.0; 20.0; 1.13; 46073.6; 1.13
88.6; 0.0; 20.0; 1.19; 48526.6; 1.17
88.1; 0.0; 20.0; 1.22; 50019.2; 1.20
87.6; 0.0; 20.0; 1.21; 49526.4; 1.21
87.1; 0.0; 20.0; 1.29; 52737.2; 1.28
86.6; 0.0; 20.0; 1.30; 53304.4; 1.28
86.1; 0.0; 20.0; 1.32; 53939.0; 1.32
85.6; 0.0; 20.0; 1.36; 55457.0; 1.34
85.1; 0.0; 20.0; 1.37; 56093.7; 1.35
84.6; 0.0; 20.0; 1.38; 56471.0; 1.38
84.1; 0.0; 20.0; 1.40; 57337.7; 1.38
83.6; 0.0; 20.0; 1.44; 59019.1; 1.43
83.1; 0.0; 20.0; 1.44; 58961.1; 1.43
82.6; 0.0; 20.0; 1.52; 62007.7; 1.49
82.1; 0.0; 20.0; 1.54; 63082.4; 1.54
81.6; 0.0; 20.0; 1.57; 64196.2; 1.56
81.1; 0.0; 20.0; 1.60; 65420.1; 1.56
80.6; 0.0; 20.0; 1.60; 65331.8; 1.59
80.1; 0.0; 20.0; 1.60; 65502.2; 1.60
79.6; 0.0; 20.0; 1.63; 66801.5; 1.61
79.0; 0.0; 20.0; 1.67; 68283.2; 1.65
78.5; 0.0; 20.0; 1.67; 68282.2; 1.66
78.0; 0.0; 20.0; 1.70; 69474.9; 1.68
77.5; 0.0; 20.0; 1.79; 73217.1; 1.76
77.0; 0.0; 20.0; 1.76; 71869.9; 1.77
76.5; 0.0; 20.0; 1.81; 73854.9; 1.78
76.0; 0.0; 20.0; 1.84; 75359.3; 1.81
75.5; 0.0; 20.0; 1.83; 74971.7; 1.83
75.0; 0.0; 20.0; 1.88; 77051.6; 1.86
74.5; 0.0; 20.0; 1.91; 77986.8; 1.88
74.0; 0.0; 20.0; 1.90; 77682.0; 1.90
73.5; 0.0; 20.0; 1.92; 78439.9; 1.89
73.0; 0.0; 20.0; 1.90; 77629.8; 1.86
72.5; 0.0; 20.0; 1.92; 78429.0; 1.93
72.0; 0.0; 20.0; 1.98; 81143.7; 1.95
71.5; 0.0; 20.0; 2.00; 81698.5; 1.97
71.0; 0.0; 20.0; 1.97; 80537.7; 1.97
70.5; 0.0; 20.0; 2.10; 85832.4; 2.07
70.0; 0.0; 20.0; 2.11; 86354.0; 2.07
69.5; 0.0; 20.0; 2.09; 85310.5; 2.09
69.0; 0.0; 20.0; 2.14; 87311.3; 2.11
68.5; 0.0; 20.0; 2.15; 87908.5; 2.11
67.9; 0.0; 20.0; 2.19; 89548.9; 2.20
67.4; 0.0; 20.0; 2.26; 92380.6; 2.23
66.9; 0.0; 20.0; 2.30; 94198.3; 2.27
66.5; 0.0; 20.0; 2.37; 96874.3; 2.35
65.9; 0.0; 20.0; 2.38; 97371.5; 2.37
65.4; 0.0; 20.0; 2.54; 103654.6; 2.49
64.9; 0.0; 20.0; 2.53; 103432.0; 2.53
64.4; 0.0; 20.0; 2.61; 106877.6; 2.59
63.9; 0.0; 20.0; 2.65; 108254.7; 2.59
63.4; 0.0; 20.0; 2.72; 111083.9; 2.71
62.9; 0.0; 20.0; 2.82; 115462.8; 2.79
62.4; 0.0; 20.0; 2.90; 118606.4; 2.86
61.9; 0.0; 20.0; 2.83; 115513.4; 2.81
61.4; 0.0; 20.0; 2.87; 117137.1; 2.84
60.9; 0.0; 20.0; 2.93; 119888.6; 2.88
60.4; 0.0; 20.0; 2.91; 119039.7; 2.90
59.9; 0.0; 20.0; 2.91; 118952.5; 2.89
59.3; 0.0; 20.0; 2.98; 121727.0; 2.91
58.8; 0.0; 20.0; 2.94; 120355.3; 2.95
58.3; 0.0; 20.0; 2.99; 122260.4; 2.94
57.8; 0.0; 20.0; 3.03; 123683.6; 2.97
57.3; 0.0; 20.0; 2.97; 121308.4; 2.98
56.8; 0.0; 20.0; 3.02; 123573.3; 2.97
56.3; 0.0; 20.0; 2.99; 122437.1; 2.97
55.8; 0.0; 20.0; 3.01; 123247.9; 3.00
55.3; 0.0; 20.0; 3.04; 124337.2; 2.99
54.8; 0.0; 20.0; 3.08; 125909.0; 3.03
54.3; 0.0; 20.0; 3.07; 125476.2; 3.07
53.8; 0.0; 20.0; 3.17; 129556.3; 3.11
53.3; 0.0; 20.0; 3.13; 127940.0; 3.13
52.8; 0.0; 20.0; 3.23; 131895.0; 3.17
52.3; 0.0; 20.0; 3.20; 130687.3; 3.14
51.8; 0.0; 20.0; 3.15; 128938.6; 3.14
51.3; 0.0; 20.0; 3.30; 134807.8; 3.26
50.8; 0.0; 20.0; 3.26; 133194.9; 3.19
50.3; 0.0; 20.0; 3.26; 133477.2; 3.27
49.8; 0.0; 20.0; 3.39; 138731.4; 3.34
49.3; 0.0; 20.0; 3.39; 138611.3; 3.35
48.8; 0.0; 20.0; 3.39; 138596.9; 3.37
48.3; 0.0; 20.0; 3.46; 141394.0; 3.42
47.8; 0.0; 20.0; 3.51; 143416.2; 3.46
47.3; 0.0; 20.0; 3.50; 143002.4; 3.49
46.8; 0.0; 20.0; 3.55; 145033.6; 3.50
46.3; 0.0; 20.0; 3.63; 148393.8; 3.56
45.8; 0.0; 20.0; 3.64; 148676.2; 3.62
45.3; 0.0; 20.0; 3.65; 149068.2; 3.62
44.8; 0.0; 20.0; 3.65; 149399.0; 3.61
44.3; 0.0; 20.0; 3.68; 150633.2; 3.66
43.7; 0.0; 20.0; 3.84; 156937.1; 3.79
43.2; 0.0; 20.0; 3.89; 159164.7; 3.83
42.7; 0.0; 20.0; 3.90; 159392.4; 3.87
42.2; 0.0; 20.0; 3.95; 161643.8; 3.92
41.8; 0.0; 20.0; 3.99; 163296.9; 3.92
41.2; 0.0; 20.0; 3.99; 163103.1; 3.99
40.7; 0.0; 20.0; 4.08; 166600.5; 4.03
40.2; 0.0; 20.0; 4.18; 171020.2; 4.11
39.7; 0.0; 20.0; 4.14; 169323.7; 4.14
39.2; 0.0; 20.0; 4.25; 173805.4; 4.19
38.7; 0.0; 20.0; 4.32; 176793.4; 4.25
38.2; 0.0; 20.0; 4.27; 174397.9; 4.27
37.7; 0.0; 20.0; 4.33; 177225.0; 4.28
37.2; 0.0; 20.0; 4.47; 182889.9; 4.40
36.7; 0.0; 20.0; 4.50; 183889.0; 4.45
36.2; 0.0; 20.0; 4.56; 186292.1; 4.52
35.7; 0.0; 20.0; 4.62; 188689.7; 4.53
35.2; 0.0; 20.0; 4.71; 192639.5; 4.69
34.7; 0.0; 20.0; 4.71; 192376.3; 4.66
34.2; 0.0; 20.0; 4.88; 199647.5; 4.79
33.7; 0.0; 20.0; 4.85; 198153.7; 4.83
33.2; 0.0; 20.0; 5.02; 205216.0; 4.96
32.7; 0.0; 20.0; 5.17; 211204.1; 5.08
32.2; 0.0; 20.0; 5.21; 213166.6; 5.22
31.7; 0.0; 20.0; 5.39; 220193.3; 5.31
31.1; 0.0; 20.0; 5.58; 227946.5; 5.47
30.6; 0.0; 20.0; 5.64; 230703.5; 5.61
30.2; 0.0; 20.0; 5.75; 235116.7; 5.71
29.7; 0.0; 20.0; 6.08; 248415.3; 5.95
29.1; 0.0; 20.0; 6.16; 251891.0; 6.18
28.6; 0.0; 20.0; 6.54; 267429.5; 6.44
28.1; 0.0; 20.0; 6.79; 277626.4; 6.69
27.6; 0.0; 20.0; 7.10; 290394.8; 7.09
27.1; 0.0; 20.0; 7.68; 313970.6; 7.53
26.6; 0.0; 20.0; 8.05; 329017.5; 8.01
26.1; 0.0; 20.0; 8.77; 358650.9; 8.69
25.6; 0.0; 20.0; 9.60; 392624.5; 9.46
25.1; 0.0; 20.0; 10.75; 439643.7; 10.57
24.6; 0.0; 20.0; 11.99; 490239.6; 11.96
24.1; 0.0; 20.0; 13.87; 567085.0; 13.61
23.6; 0.0; 20.0; 15.69; 641432.9; 15.60
23.1; 0.0; 20.0; 18.20; 744218.2; 18.09
22.6; 0.0; 20.0; 21.59; 882643.2; 21.09
22.1; 0.0; 20.0; 24.71; 1010086.9; 24.75
21.5; 0.0; 20.0; 29.37; 1200881.4; 28.99
21.0; 0.0; 20.0; 34.28; 1401573.1; 33.70
20.5; 0.0; 20.0; 38.84; 1588023.7; 38.66
20.0; 0.0; 20.0; 44.70; 1827555.6; 44.17
19.5; 0.0; 20.0; 50.56; 2066924.5; 50.02
19.0; 0.0; 20.0; 56.82; 2322888.7; 56.31
18.5; 0.0; 20.0; 62.94; 2573018.3; 61.96
18.0; 0.0; 20.0; 68.35; 2794260.5; 67.29
17.5; 0.0; 20.0; 72.83; 2977286.1; 72.41
17.0; 0.0; 20.0; 78.21; 3197474.3; 76.99
16.5; 0.0; 20.0; 81.98; 3351444.3; 81.09
16.0; 0.0; 20.0; 84.68; 3461975.6; 84.24
15.5; 0.0; 20.0; 88.51; 3618501.5; 87.15
15.0; 0.0; 20.0; 90.79; 3711932.7; 89.65
14.5; 0.0; 20.0; 91.95; 3759279.2; 91.55
14.0; 0.0; 20.0; 95.03; 3885150.1; 93.31
13.5; 0.0; 20.0; 95.62; 3909319.6; 94.71
13.0; 0.0; 20.0; 96.03; 3926084.3; 95.65
12.5; 0.0; 20.0; 98.35; 4020687.7; 96.35
12.0; 0.0; 20.0; 97.66; 3992435.8; 97.11
11.5; 0.0; 20.0; 98.29; 4018214.0; 97.41
11.0; 0.0; 20.0; 99.47; 4066600.4; 97.60
10.5; 0.0; 20.0; 98.77; 4038032.9; 98.12
10.0; 0.0; 20.0; 98.98; 4046510.7; 98.57
9.5; 0.0; 20.0; 100.42; 4105503.3; 98.67
9.0; 0.0; 20.0; 99.46; 4066349.7; 98.78
8.5; 0.0; 20.0; 100.17; 4095095.2; 99.05
8.0; 0.0; 20.0; 101.14; 4134722.6; 99.31
7.5; 0.0; 20.0; 99.41; 4064176.3; 99.29
6.9; 0.0; 20.0; 101.51; 4150133.8; 99.62
6.4; 0.0; 20.0; 101.02; 4129758.1; 99.47
5.9; 0.0; 20.0; 99.89; 4083883.3; 99.45
5.4; 0.0; 20.0; 100.98; 4128296.2; 99.40
4.9; 0.0; 20.0; 100.62; 4113631.1; 99.46
4.4; 0.0; 20.0; 99.85; 4082186.8; 99.47
3.9; 0.0; 20.0; 101.73; 4158801.0; 99.62
3.4; 0.0; 20.0; 100.00; 4088373.9; 99.49
2.9; 0.0; 20.0; 100.83; 4122233.5; 99.79
2.4; 0.0; 20.0; 101.73; 4158917.7; 99.69
1.9; 0.0; 20.0; 100.26; 4098724.2; 99.62
1.4; 0.0; 20.0; 100.42; 4105565.2; 99.95
0.9; 0.0; 20.0; 102.27; 4181160.7; 100.00
0.4; 0.0; 20.0; 99.80; 4080019.2; 99.83
-0.1; 0.0; 20.0; 101.67; 4156349.5; 99.69
-0.6; 0.0; 20.0; 101.63; 4154773.6; 99.63
-1.1; 0.0; 20.0; 99.42; 4064721.4; 99.65
-1.6; 0.0; 20.0; 100.77; 4119620.2; 99.50
-2.1; 0.0; 20.0; 101.91; 4166398.4; 99.75
-2.6; 0.0; 20.0; 99.76; 4078257.4; 99.72
-3.1; 0.0; 20.0; 101.39; 4145014.8; 99.60
-3.7; 0.0; 20.0; 100.66; 4115209.9; 99.50
-4.2; 0.0; 20.0; 99.69; 4075433.2; 99.42
-4.7; 0.0; 20.0; 100.91; 4125593.6; 99.27
-5.1; 0.0; 20.0; 101.46; 4148074.6; 99.33
-5.6; 0.0; 20.0; 99.07; 4050293.6; 99.21
-6.2; 0.0; 20.0; 101.67; 4156437.7; 99.37
-6.7; 0.0; 20.0; 99.39; 4063229.2; 99.10
-7.2; 0.0; 20.0; 99.74; 4077755.5; 99.03
-7.7; 0.0; 20.0; 100.53; 4109942.0; 98.91
-8.2; 0.0; 20.0; 100.24; 4098218.7; 98.84
-8.7; 0.0; 20.0; 99.36; 4062023.5; 98.61
-9.2; 0.0; 20.0; 100.94; 4126773.7; 98.75
-9.7; 0.0; 20.0; 99.27; 4058389.2; 98.68
-10.2; 0.0; 20.0; 98.97; 4046026.5; 98.42
-10.7; 0.0; 20.0; 99.95; 4086087.0; 98.43
-11.2; 0.0; 20.0; 99.55; 4069878.3; 98.05
-11.7; 0.0; 20.0; 98.48; 4026255.3; 97.83
-12.2; 0.0; 20.0; 99.37; 4062579.3; 97.53
-12.7; 0.0; 20.0; 97.20; 3973611.4; 97.18
-13.2; 0.0; 20.0; 97.80; 3998401.6; 96.64
-13.7; 0.0; 20.0; 98.46; 4025212.4; 96.14
-14.2; 0.0; 20.0; 95.36; 3898591.3; 95.38
-14.7; 0.0; 20.0; 95.79; 3916130.7; 94.38
-15.2; 0.0; 20.0; 95.57; 3906985.3; 93.46
-15.8; 0.0; 20.0; 91.49; 3740399.0; 92.08
-16.3; 0.0; 20.0; 91.68; 3747922.1; 90.41
-16.8; 0.0; 20.0; 90.35; 3693838.2; 88.39
-17.3; 0.0; 20.0; 86.09; 3519715.9; 85.82
-17.8; 0.0; 20.0; 83.79; 3425517.0; 82.71
-18.3; 0.0; 20.0; 80.90; 3307257.9; 79.39
-18.8; 0.0; 20.0; 75.27; 3077060.6; 75.12
-19.3; 0.0; 20.0; 71.64; 2928894.3; 70.47
-19.8; 0.0; 20.0; 66.30; 2710396.4; 65.30
-20.3; 0.0; 20.0; 60.01; 2453416.9; 59.92
-20.8; 0.0; 20.0; 55.26; 2259243.6; 54.28
-21.3; 0.0; 20.0; 48.77; 1993667.9; 48.42
-21.8; 0.0; 20.0; 42.84; 1751313.7; 42.42
-22.3; 0.0; 20.0; 37.35; 1527064.3; 36.52
-22.8; 0.0; 20.0; 32.09; 1311838.0; 31.57
-23.3; 0.0; 20.0; 27.18; 1111151.1; 27.23
-23.8; 0.0; 20.0; 23.72; 969818.5; 23.29
-24.3; 0.0; 20.0; 20.18; 825082.9; 20.03
-24.8; 0.0; 20.0; 17.21; 703720.9; 17.03
-25.3; 0.0; 20.0; 14.71; 601442.2; 14.42
-25.9; 0.0; 20.0; 12.58; 514503.3; 12.48
-26.4; 0.0; 20.0; 11.06; 452098.8; 11.01
-26.9; 0.0; 20.0; 9.87; 403396.8; 9.66
-27.4; 0.0; 20.0; 8.85; 361635.3; 8.83
-27.9; 0.0; 20.0; 8.09; 330778.6; 7.94
-28.4; 0.0; 20.0; 7.38; 301857.9; 7.26
-28.9; 0.0; 20.0; 6.80; 278027.1; 6.81
-29.4; 0.0; 20.0; 6.47; 264489.9; 6.37
-29.9; 0.0; 20.0; 6.16; 251748.5; 6.06
-30.4; 0.0; 20.0; 5.82; 238108.0; 5.81
-30.9; 0.0; 20.0; 5.70; 233084.3; 5.59
-31.4; 0.0; 20.0; 5.39; 220409.6; 5.36
-31.9; 0.0; 20.0; 5.22; 213410.6; 5.18
-32.4; 0.0; 20.0; 5.08; 207646.8; 4.96
-32.9; 0.0; 20.0; 4.86; 198756.4; 4.87
-33.4; 0.0; 20.0; 4.71; 192394.3; 4.64
-33.9; 0.0; 20.0; 4.79; 195770.2; 4.68
-34.4; 0.0; 20.0; 4.57; 186916.4; 4.58
-34.9; 0.0; 20.0; 4.49; 183449.8; 4.43
-35.4; 0.0; 20.0; 4.47; 182620.1; 4.36
-35.9; 0.0; 20.0; 4.25; 173676.3; 4.25
-36.4; 0.0; 20.0; 4.26; 174178.8; 4.18
-37.0; 0.0; 20.0; 4.05; 165374.0; 4.04
-37.5; 0.0; 20.0; 4.07; 166383.4; 4.02
-38.0; 0.0; 20.0; 4.09; 167270.3; 4.01
-38.5; 0.0; 20.0; 3.95; 161503.7; 3.88
-39.0; 0.0; 20.0; 3.87; 158158.0; 3.85
-39.5; 0.0; 20.0; 3.87; 158381.0; 3.82
-40.0; 0.0; 20.0; 3.81; 155647.5; 3.74
-40.5; 0.0; 20.0; 3.69; 150748.4; 3.69
-41.0; 0.0; 20.0; 3.65; 149212.9; 3.60
-41.5; 0.0; 20.0; 3.64; 148967.3; 3.59
-42.0; 0.0; 20.0; 3.52; 144038.8; 3.49
-42.5; 0.0; 20.0; 3.57; 146049.8; 3.52
-43.1; 0.0; 20.0; 3.50; 143043.3; 3.43
-43.6; 0.0; 20.0; 3.39; 138544.5; 3.37
-44.0; 0.0; 20.0; 3.37; 137772.9; 3.34
-44.6; 0.0; 20.0; 3.38; 138087.4; 3.31
-45.0; 0.0; 20.0; 3.26; 133314.9; 3.27
-45.6; 0.0; 20.0; 3.25; 132685.2; 3.18
-46.0; 0.0; 20.0; 3.21; 131279.4; 3.15
-46.6; 0.0; 20.0; 3.15; 128752.2; 3.13
-47.1; 0.0; 20.0; 3.09; 126187.6; 3.06
-47.6; 0.0; 20.0; 3.14; 128459.0; 3.06
-48.1; 0.0; 20.0; 3.04; 124173.5; 3.04
-48.6; 0.0; 20.0; 3.06; 124900.7; 2.99
-49.1; 0.0; 20.0; 2.99; 122243.6; 2.98
-49.6; 0.0; 20.0; 2.99; 122424.7; 2.95
-50.1; 0.0; 20.0; 2.93; 119976.7; 2.88
-50.6; 0.0; 20.0; 2.90; 118584.7; 2.89
-51.1; 0.0; 20.0; 2.85; 116451.5; 2.80
-51.6; 0.0; 20.0; 2.85; 116478.1; 2.80
-52.1; 0.0; 20.0; 2.78; 113472.0; 2.77
-52.6; 0.0; 20.0; 2.79; 113972.0; 2.74
-53.1; 0.0; 20.0; 2.78; 113695.8; 2.72
-53.6; 0.0; 20.0; 2.70; 110425.6; 2.70
-54.1; 0.0; 20.0; 2.71; 110635.9; 2.66
-54.6; 0.0; 20.0; 2.70; 110361.7; 2.66
-55.1; 0.0; 20.0; 2.63; 107342.0; 2.61
-55.6; 0.0; 20.0; 2.68; 109719.7; 2.63
-56.1; 0.0; 20.0; 2.64; 107867.6; 2.61
-56.6; 0.0; 20.0; 2.59; 105998.1; 2.57
-57.1; 0.0; 20.0; 2.66; 108754.9; 2.61
-57.6; 0.0; 20.0; 2.57; 104874.0; 2.56
-58.2; 0.0; 20.0; 2.60; 106181.8; 2.56
-58.7; 0.0; 20.0; 2.57; 105049.3; 2.53
-59.2; 0.0; 20.0; 2.60; 106392.8; 2.56
-59.7; 0.0; 20.0; 2.53; 103245.1; 2.53
-60.2; 0.0; 20.0; 2.55; 104091.3; 2.51
-60.7; 0.0; 20.0; 2.57; 105250.2; 2.53
-61.2; 0.0; 20.0; 2.55; 104056.5; 2.52
-61.7; 0.0; 20.0; 2.47; 101180.9; 2.46
-62.2; 0.0; 20.0; 2.51; 102642.1; 2.47
-62.7; 0.0; 20.0; 2.48; 101340.6; 2.47
-63.2; 0.0; 20.0; 2.46; 100740.0; 2.43
-63.7; 0.0; 20.0; 2.47; 101176.5; 2.43
-64.2; 0.0; 20.0; 2.40; 98304.8; 2.38
-64.7; 0.0; 20.0; 2.37; 96833.8; 2.36
-65.2; 0.0; 20.0; 2.38; 97404.7; 2.34
-65.7; 0.0; 20.0; 2.34; 95668.0; 2.30
-66.2; 0.0; 20.0; 2.22; 90840.5; 2.22
-66.7; 0.0; 20.0; 2.28; 93228.6; 2.24
-67.3; 0.0; 20.0; 2.18; 89246.6; 2.15
-67.8; 0.0; 20.0; 2.11; 86091.1; 2.09
-68.2; 0.0; 20.0; 2.08; 85033.6; 2.06
-68.7; 0.0; 20.0; 2.07; 84729.7; 2.03
-69.2; 0.0; 20.0; 2.06; 84151.1; 2.05
-69.8; 0.0; 20.0; 2.03; 83038.7; 2.00
-70.3; 0.0; 20.0; 2.03; 82789.8; 1.99
-70.8; 0.0; 20.0; 1.94; 79263.4; 1.92
-71.3; 0.0; 20.0; 1.96; 80171.2; 1.95
-71.8; 0.0; 20.0; 1.93; 79091.9; 1.90
-72.3; 0.0; 20.0; 1.91; 78081.0; 1.87
-72.8; 0.0; 20.0; 1.86; 75980.3; 1.86
-73.3; 0.0; 20.0; 1.91; 78075.9; 1.88
-73.8; 0.0; 20.0; 1.85; 75672.4; 1.82
-74.3; 0.0; 20.0; 1.81; 73849.6; 1.78
-74.8; 0.0; 20.0; 1.79; 73348.7; 1.78
-75.3; 0.0; 20.0; 1.79; 73119.8; 1.76
-75.8; 0.0; 20.0; 1.78; 72626.3; 1.76
-76.3; 0.0; 20.0; 1.76; 71757.5; 1.74
-76.8; 0.0; 20.0; 1.71; 69869.2; 1.69
-77.3; 0.0; 20.0; 1.70; 69498.2; 1.67
-77.8; 0.0; 20.0; 1.67; 68176.1; 1.65
-78.3; 0.0; 20.0; 1.64; 67045.3; 1.63
-78.8; 0.0; 20.0; 1.66; 67838.9; 1.63
-79.4; 0.0; 20.0; 1.63; 66750.6; 1.61
-79.9; 0.0; 20.0; 1.60; 65455.4; 1.60
-80.3; 0.0; 20.0; 1.61; 65704.1; 1.58
-80.8; 0.0; 20.0; 1.61; 65818.7; 1.58
-81.3; 0.0; 20.0; 1.56; 63761.1; 1.56
-81.9; 0.0; 20.0; 1.58; 64707.3; 1.55
-82.4; 0.0; 20.0; 1.56; 63692.5; 1.55
-82.9; 0.0; 20.0; 1.54; 62987.1; 1.53
-83.4; 0.0; 20.0; 1.52; 61973.5; 1.49
-83.8; 0.0; 20.0; 1.48; 60570.5; 1.46
-84.4; 0.0; 20.0; 1.50; 61198.0; 1.48
-84.9; 0.0; 20.0; 1.48; 60437.4; 1.45
-85.4; 0.0; 20.0; 1.44; 58699.2; 1.44
-85.9; 0.0; 20.0; 1.42; 58163.6; 1.40
-86.4; 0.0; 20.0; 1.42; 58252.1; 1.39
-86.9; 0.0; 20.0; 1.42; 57903.0; 1.41
-87.4; 0.0; 20.0; 1.36; 55645.2; 1.34
-87.9; 0.0; 20.0; 1.35; 55085.7; 1.32
-88.4; 0.0; 20.0; 1.31; 53531.2; 1.30
-88.9; 0.0; 20.0; 1.28; 52243.6; 1.25
-89.4; 0.0; 20.0; 1.30; 53134.6; 1.27
-89.9; 0.0; 20.0; 1.24; 50490.5; 1.24
-90.4; 0.0; 20.0; 1.27; 51722.5; 1.24
-90.9; 0.0; 20.0; 1.21; 49636.4; 1.21
-91.5; 0.0; 20.0; 1.20; 49225.1; 1.18
-92.0; 0.0; 20.0; 1.20; 49127.5; 1.18
-92.4; 0.0; 20.0; 1.18; 48368.5; 1.18
-93.0; 0.0; 20.0; 1.18; 48122.7; 1.16
-93.5; 0.0; 20.0; 1.14; 46708.3; 1.12
-94.0; 0.0; 20.0; 1.10; 44828.2; 1.10
-94.5; 0.0; 20.0; 1.11; 45489.3; 1.10
-95.0; 0.0; 20.0; 1.12; 45650.9; 1.09
-95.5; 0.0; 20.0; 1.05; 42937.3; 1.05
-96.0; 0.0; 20.0; 1.10; 45108.1; 1.09
-96.5; 0.0; 20.0; 1.11; 45304.9; 1.08
-97.0; 0.0; 20.0; 1.04; 42342.8; 1.03
-97.5; 0.0; 20.0; 1.05; 43113.8; 1.04
-98.0; 0.0; 20.0; 1.07; 43612.3; 1.04
-98.5; 0.0; 20.0; 1.02; 41611.0; 1.02
-99.0; 0.0; 20.0; 0.98; 40040.8; 0.96
-99.5; 0.0; 20.0; 0.99; 40421.7; 0.98
-100.0; 0.0; 20.0; 1.00; 40725.7; 0.99
-100.5; 0.0; 20.0; 1.03; 42260.8; 1.02
-101.0; 0.0; 20.0; 0.98; 39968.7; 0.96
-101.5; 0.0; 20.0; 0.94; 38457.8; 0.94
-102.0; 0.0; 20.0; 0.96; 39087.0; 0.94
-102.5; 0.0; 20.0; 0.94; 38633.8; 0.93
-103.0; 0.0; 20.0; 0.94; 38574.0; 0.94
-103.5; 0.0; 20.0; 0.94; 38239.1; 0.92
-104.0; 0.0; 20.0; 0.95; 38740.7; 0.93
-104.5; 0.0; 20.0; 0.93; 38028.6; 0.93
-105.0; 0.0; 20.0; 0.96; 39215.5; 0.94
-105.5; 0.0; 20.0; 0.93; 37995.2; 0.92
-106.1; 0.0; 20.0; 0.94; 38401.6; 0.93
-106.6; 0.0; 20.0; 0.92; 37681.0; 0.91
-107.1; 0.0; 20.0; 0.95; 38791.5; 0.93
-107.6; 0.0; 20.0; 0.92; 37472.4; 0.92
-108.1; 0.0; 20.0; 0.93; 38213.4; 0.92
-108.6; 0.0; 20.0; 0.89; 36442.9; 0.89
-109.1; 0.0; 20.0; 0.89; 36558.8; 0.88
-109.6; 0.0; 20.0; 0.89; 36540.8; 0.88
-110.1; 0.0; 20.0; 0.88; 35836.9; 0.87
-110.6; 0.0; 20.0; 0.87; 35475.3; 0.86
-111.1; 0.0; 20.0; 0.88; 35810.0; 0.85
-111.6; 0.0; 20.0; 0.87; 35608.3; 0.87
-112.1; 0.0; 20.0; 0.88; 35945.8; 0.86
-112.6; 0.0; 20.0; 0.87; 35506.8; 0.85
-113.1; 0.0; 20.0; 0.86; 34963.3; 0.85
-113.6; 0.0; 20.0; 0.88; 35853.2; 0.87
-114.1; 0.0; 20.0; 0.88; 36059.3; 0.86
-114.6; 0.0; 20.0; 0.84; 34200.5; 0.84
-115.1; 0.0; 20.0; 0.87; 35420.1; 0.85
-115.7; 0.0; 20.0; 0.89; 36211.7; 0.87
-116.1; 0.0; 20.0; 0.85; 34654.1; 0.84
-116.6; 0.0; 20.0; 0.84; 34239.5; 0.83
-117.1; 0.0; 20.0; 0.85; 34706.5; 0.83
-117.7; 0.0; 20.0; 0.88; 35780.3; 0.87
-118.2; 0.0; 20.0; 0.85; 34703.0; 0.83
-118.7; 0.0; 20.0; 0.86; 34974.1; 0.84
-119.2; 0.0; 20.0; 0.82; 33357.4; 0.81
-119.7; 0.0; 20.0; 0.84; 34336.2; 0.82
-120.2; 0.0; 20.0; 0.85; 34648.6; 0.83
-120.7; 0.0; 20.0; 0.82; 33630.6; 0.82
-121.2; 0.0; 20.0; 0.86; 35124.8; 0.84
-121.7; 0.0; 20.0; 0.84; 34179.6; 0.82
-122.2; 0.0; 20.0; 0.84; 34221.7; 0.84
-122.7; 0.0; 20.0; 0.86; 35044.2; 0.84
-123.2; 0.0; 20.0; 0.88; 36076.0; 0.86
-123.7; 0.0; 20.0; 0.82; 33455.5; 0.82
-124.2; 0.0; 20.0; 0.86; 35297.7; 0.85
-124.7; 0.0; 20.0; 0.84; 34423.5; 0.83
-125.2; 0.0; 20.0; 0.86; 35063.2; 0.85
-125.7; 0.0; 20.0; 0.87; 35508.2; 0.85
-126.2; 0.0; 20.0; 0.87; 35430.3; 0.86
-126.7; 0.0; 20.0; 0.86; 35224.8; 0.86
-127.2; 0.0; 20.0; 0.86; 35227.4; 0.84
-127.7; 0.0; 20.0; 0.84; 34154.0; 0.82
-128.2; 0.0; 20.0; 0.87; 35667.0; 0.87
-128.7; 0.0; 20.0; 0.89; 36197.4; 0.87
-129.2; 0.0; 20.0; 0.89; 36360.6; 0.89
-129.7; 0.0; 20.0; 0.88; 35832.5; 0.86
-130.3; 0.0; 20.0; 0.87; 35462.5; 0.85
-130.8; 0.0; 20.0; 0.88; 35830.2; 0.87
-131.3; 0.0; 20.0; 0.91; 37272.0; 0.90
-131.8; 0.0; 20.0; 0.90; 36779.7; 0.88
-132.2; 0.0; 20.0; 0.89; 36426.7; 0.89
-132.8; 0.0; 20.0; 0.90; 36977.7; 0.88
-133.3; 0.0; 20.0; 0.89; 36477.8; 0.89
-133.8; 0.0; 20.0; 0.92; 37797.5; 0.91
-134.3; 0.0; 20.0; 0.91; 37060.8; 0.89
-134.8; 0.0; 20.0; 0.92; 37411.5; 0.91
-135.3; 0.0; 20.0; 0.90; 36995.6; 0.89
-135.8; 0.0; 20.0; 0.88; 36158.7; 0.87
-136.3; 0.0; 20.0; 0.90; 36708.2; 0.89
-136.8; 0.0; 20.0; 0.91; 37172.5; 0.90
-137.3; 0.0; 20.0; 0.91; 37342.9; 0.89
-137.8; 0.0; 20.0; 0.91; 37092.9; 0.90
-138.3; 0.0; 20.0; 0.91; 37362.5; 0.90
-138.8; 0.0; 20.0; 0.91; 37084.2; 0.90
-139.3; 0.0; 20.0; 0.92; 37680.3; 0.92
-139.8; 0.0; 20.0; 0.94; 38267.5; 0.92
-140.4; 0.0; 20.0; 0.90; 36839.4; 0.89
-140.8; 0.0; 20.0; 0.89; 36550.3; 0.88
-141.3; 0.0; 20.0; 0.92; 37548.5; 0.90
-141.9; 0.0; 20.0; 0.89; 36253.9; 0.88
-142.4; 0.0; 20.0; 0.89; 36467.9; 0.88
-142.9; 0.0; 20.0; 0.92; 37664.5; 0.90
-143.4; 0.0; 20.0; 0.91; 37134.1; 0.90
-143.9; 0.0; 20.0; 0.89; 36222.3; 0.88
-144.4; 0.0; 20.0; 0.90; 36836.9; 0.89
-144.9; 0.0; 20.0; 0.88; 36103.0; 0.87
-145.4; 0.0; 20.0; 0.86; 35212.5; 0.85
-145.9; 0.0; 20.0; 0.90; 36861.9; 0.88
-146.4; 0.0; 20.0; 0.88; 35821.1; 0.87
-146.9; 0.0; 20.0; 0.87; 35765.1; 0.86
-147.4; 0.0; 20.0; 0.88; 36065.9; 0.86
-147.9; 0.0; 20.0; 0.87; 35621.9; 0.87
-148.4; 0.0; 20.0; 0.90; 36714.2; 0.88
-148.9; 0.0; 20.0; 0.88; 35839.1; 0.86
-149.4; 0.0; 20.0; 0.87; 35367.1; 0.86
-149.9; 0.0; 20.0; 0.86; 34983.4; 0.85
-150.4; 0.0; 20.0; 0.91; 37191.1; 0.89
-151.0; 0.0; 20.0; 0.88; 36055.9; 0.88
-151.5; 0.0; 20.0; 0.86; 35164.2; 0.85
-152.0; 0.0; 20.0; 0.86; 35094.4; 0.84
-153.0; 0.0; 20.0; 0.85; 34791.0; 0.84


